Pokemon Name,Primary Type,Secondary Type,Game(s) of Origin,Health Stat,Attack Stat,Defense Stat,Special Attack Stat,Special Defense Stat,Speed Stat,Base Stat Total
"""Bulbasaur""","""Grass""","""Poison""","""Red""",45,49,49,65,65,45,318
"""Ivysaur""","""Grass""","""Poison""","""Red""",60,62,63,80,80,60,405
"""Venusaur""","""Grass""","""Poison""","""Red""",80,82,83,100,100,80,525
"""Venusaur""","""Grass""","""Poison""","""X""",80,100,123,122,120,80,625
"""Venusaur""","""Grass""","""Poison""","""Sword""",80,82,83,100,100,80,525
"""Charmander""","""Fire""",,"""Red""",39,52,43,60,50,65,309
"""Charmeleon""","""Fire""",,"""Red""",58,64,58,80,65,80,405
"""Charizard""","""Fire""","""Flying""","""Red""",78,84,78,109,85,100,534
"""Charizard""","""Fire""","""Dragon""","""X""",78,130,111,130,85,100,634
"""Charizard""","""Fire""","""Flying""","""X""",78,104,78,159,115,100,634
"""Charizard""","""Fire""","""Flying""","""Sword""",78,84,78,109,85,100,534
"""Squirtle""","""Water""",,"""Red""",44,48,65,50,64,43,314
"""Wartortle""","""Water""",,"""Red""",59,63,80,65,80,58,405
"""Blastoise""","""Water""",,"""Red""",79,83,100,85,105,78,530
"""Blastoise""","""Water""",,"""X""",79,103,120,135,115,78,630
"""Blastoise""","""Water""",,"""Sword""",79,83,100,85,105,78,530
"""Caterpie""","""Bug""",,"""Red""",45,30,35,20,20,45,195
"""Metapod""","""Bug""",,"""Red""",50,20,55,25,25,30,205
"""Butterfree""","""Bug""","""Flying""","""Red""",60,45,50,90,80,70,395
"""Butterfree""","""Bug""","""Flying""","""Sword""",60,45,50,90,80,70,395
"""Weedle""","""Bug""","""Poison""","""Red""",40,35,30,20,20,50,195
"""Kakuna""","""Bug""","""Poison""","""Red""",45,25,50,25,25,35,205
"""Beedrill""","""Bug""","""Poison""","""Red""",65,90,40,45,80,75,395
"""Beedrill""","""Bug""","""Poison""","""Omega Ruby""",65,150,40,15,80,145,495
"""Pidgey""","""Normal""","""Flying""","""Red""",40,45,40,35,35,56,251
"""Pidgeotto""","""Normal""","""Flying""","""Red""",63,60,55,50,50,71,349
"""Pidgeot""","""Normal""","""Flying""","""Red""",83,80,75,70,70,101,479
"""Pidgeot""","""Normal""","""Flying""","""Omega Ruby""",83,80,80,135,80,121,579
"""Rattata""","""Normal""",,"""Red""",30,56,35,25,35,72,253
"""Rattata""","""Dark""","""Normal""","""Sun""",30,56,35,25,35,72,253
"""Raticate""","""Normal""",,"""Red""",55,81,60,50,70,97,413
"""Raticate""","""Dark""","""Normal""","""Sun""",75,71,70,40,80,77,413
"""Spearow""","""Normal""","""Flying""","""Red""",40,60,30,31,31,70,262
"""Fearow""","""Normal""","""Flying""","""Red""",65,90,65,61,61,100,442
"""Ekans""","""Poison""",,"""Red""",35,60,44,40,54,55,288
"""Arbok""","""Poison""",,"""Red""",60,95,69,65,79,80,448
"""Pikachu""","""Electric""",,"""Red""",35,55,40,50,50,90,320
"""Pikachu""","""Electric""",,"""Sword""",35,55,40,50,50,90,320
"""Pikachu""","""Electric""",,"""Let's Go Pikachu""",45,80,50,75,60,120,430
"""Raichu""","""Electric""",,"""Red""",60,90,55,90,80,110,485
"""Raichu""","""Electric""",,"""Red""",60,90,55,90,80,110,485
"""Raichu""","""Electric""",,"""Red""",60,90,55,90,80,110,485
"""Raichu""","""Electric""","""Psychic""","""Sun""",60,85,50,95,85,110,485
"""Raichu""","""Electric""","""Psychic""","""Sun""",60,85,50,95,85,110,485
"""Sandshrew""","""Ground""",,"""Red""",50,75,85,20,30,40,300
"""Sandshrew""","""Ice""","""Steel""","""Sun""",50,75,90,10,35,40,300
"""Sandslash""","""Ground""",,"""Red""",75,100,110,45,55,65,450
"""Sandslash""","""Ice""","""Steel""","""Sun""",75,100,120,25,65,65,450
"""Nidoran (Female)""","""Poison""",,"""Red""",55,47,52,40,40,41,275
"""Nidorina""","""Poison""",,"""Red""",70,62,67,55,55,56,365
"""Nidoqueen""","""Poison""","""Ground""","""Red""",90,92,87,75,85,76,505
"""Nidoran (Male)""","""Poison""",,"""Red""",46,57,40,40,40,50,273
"""Nidorino""","""Poison""",,"""Red""",61,72,57,55,55,65,365
"""Nidoking""","""Poison""","""Ground""","""Red""",81,102,77,85,75,85,505
"""Clefairy""","""Fairy""",,"""Red""",70,45,48,60,65,35,323
"""Clefable""","""Fairy""",,"""Red""",95,70,73,95,90,60,483
"""Vulpix""","""Fire""",,"""Red""",38,41,40,50,65,65,299
"""Vulpix""","""Ice""",,"""Sun""",38,41,40,50,65,65,299
"""Ninetales""","""Fire""",,"""Red""",73,76,75,81,100,100,505
"""Ninetales""","""Ice""","""Fairy""","""Sun""",73,67,75,81,100,109,505
"""Jigglypuff""","""Normal""","""Fairy""","""Red""",115,45,20,45,25,20,270
"""Wigglytuff""","""Normal""","""Fairy""","""Red""",140,70,45,85,50,45,435
"""Zubat""","""Poison""","""Flying""","""Red""",40,45,35,30,40,55,245
"""Golbat""","""Poison""","""Flying""","""Red""",75,80,70,65,75,95,460
"""Oddish""","""Grass""","""Poison""","""Red""",45,50,55,75,65,30,320
"""Gloom""","""Grass""","""Poison""","""Red""",60,65,70,85,75,40,395
"""Vileplume""","""Grass""","""Poison""","""Red""",75,80,85,110,90,50,490
"""Paras""","""Bug""","""Grass""","""Red""",35,70,55,45,55,25,285
"""Parasect""","""Bug""","""Grass""","""Red""",60,95,80,60,80,30,405
"""Venonat""","""Bug""","""Poison""","""Red""",60,55,50,40,55,45,305
"""Venomoth""","""Bug""","""Poison""","""Red""",70,65,60,90,75,90,450
"""Diglett""","""Ground""",,"""Red""",10,55,25,35,45,95,265
"""Diglett""","""Ground""","""Steel""","""Sun""",10,55,30,35,45,90,265
"""Dugtrio""","""Ground""","""Steel""","""Sun""",35,100,60,50,70,110,425
"""Dugtrio""","""Ground""",,"""Red""",35,100,50,50,70,120,425
"""Meowth""","""Normal""",,"""Red""",40,45,35,40,40,90,290
"""Meowth""","""Dark""",,"""Sun""",40,35,35,50,40,90,290
"""Meowth""","""Steel""",,"""Sword""",50,65,55,40,40,40,290
"""Meowth""","""Normal""",,"""Sword""",40,45,35,40,40,90,290
"""Persian""","""Normal""",,"""Red""",65,70,60,65,65,115,440
"""Persian""","""Dark""",,"""Sun""",65,60,60,75,65,115,440
"""Psyduck""","""Water""",,"""Red""",50,52,48,65,50,55,320
"""Golduck""","""Water""",,"""Red""",80,82,78,95,80,85,500
"""Mankey""","""Fighting""",,"""Red""",40,80,35,35,45,70,305
"""Primeape""","""Fighting""",,"""Red""",65,105,60,60,70,95,455
"""Growlithe""","""Fire""",,"""Red""",55,70,45,70,50,60,350
"""Growlithe""","""Fire""","""Rock""","""Legends Arceus""",60,75,45,65,50,55,350
"""Arcanine""","""Fire""",,"""Red""",90,110,80,100,80,95,555
"""Arcanine""","""Fire""","""Rock""","""Legends Arceus""",95,115,80,95,80,90,555
"""Poliwag""","""Water""",,"""Red""",40,50,40,40,40,90,300
"""Poliwhirl""","""Water""",,"""Red""",65,65,65,50,50,90,385
"""Poliwrath""","""Water""","""Fighting""","""Red""",90,95,95,70,90,70,510
"""Abra""","""Psychic""",,"""Red""",25,20,15,105,55,90,310
"""Kadabra""","""Psychic""",,"""Red""",40,35,30,120,70,105,400
"""Alakazam""","""Psychic""",,"""Red""",55,50,45,135,95,120,500
"""Alakazam""","""Psychic""",,"""Red""",55,50,45,135,95,120,500
"""Alakazam""","""Psychic""",,"""X""",55,50,65,175,105,150,600
"""Machop""","""Fighting""",,"""Red""",70,80,50,35,35,35,305
"""Machoke""","""Fighting""",,"""Red""",80,100,70,50,60,45,405
"""Machamp""","""Fighting""",,"""Red""",90,130,80,65,85,55,505
"""Machamp""","""Fighting""",,"""Red""",90,130,80,65,85,55,505
"""Machamp""","""Fighting""",,"""Sword""",90,130,80,65,85,55,505
"""Bellsprout""","""Grass""","""Poison""","""Red""",50,75,35,70,30,40,300
"""Weepinbell""","""Grass""","""Poison""","""Red""",65,90,50,85,45,55,390
"""Victreebel""","""Grass""","""Poison""","""Red""",80,105,65,100,70,70,490
"""Tentacool""","""Water""","""Poison""","""Red""",40,40,35,50,100,70,335
"""Tentacruel""","""Water""","""Poison""","""Red""",80,70,65,80,120,100,515
"""Geodude""","""Rock""","""Ground""","""Red""",40,80,100,30,30,20,300
"""Geodude""","""Rock""","""Electric""","""Sun""",40,80,100,30,30,20,300
"""Graveler""","""Rock""","""Electric""","""Sun""",55,95,115,45,45,35,390
"""Graveler""","""Rock""","""Ground""","""Red""",55,95,115,45,45,35,390
"""Golem""","""Rock""","""Ground""","""Red""",80,120,130,55,65,45,495
"""Golem""","""Rock""","""Ground""","""Red""",80,120,130,55,65,45,495
"""Golem""","""Rock""","""Electric""","""Sun""",80,120,130,55,65,45,495
"""Ponyta""","""Psychic""",,"""Sword""",50,85,55,65,65,90,410
"""Ponyta""","""Fire""",,"""Red""",50,85,55,65,65,90,410
"""Rapidash""","""Fire""",,"""Red""",65,100,70,80,80,105,500
"""Rapidash""","""Psychic""","""Fairy""","""Sword""",65,100,70,80,80,105,500
"""Slowpoke""","""Psychic""",,"""Sword""",90,65,65,40,40,15,315
"""Slowpoke""","""Water""","""Psychic""","""Red""",90,65,65,40,40,15,315
"""Slowbro""","""Water""","""Psychic""","""Omega Ruby""",95,75,180,130,80,30,590
"""Slowbro""","""Poison""","""Psychic""","""Sword""",95,100,95,100,70,30,490
"""Slowbro""","""Water""","""Psychic""","""Red""",95,75,110,100,80,30,490
"""Magnemite""","""Electric""","""Steel""","""Red""",25,35,70,95,55,45,325
"""Magneton""","""Electric""","""Steel""","""Red""",50,60,95,120,70,70,465
"""Farfetch'd""","""Normal""","""Flying""","""Red""",52,90,55,58,62,60,377
"""Farfetch'd""","""Fighting""",,"""Sword""",52,95,55,58,62,55,377
"""Doduo""","""Normal""","""Flying""","""Red""",35,85,45,35,35,75,310
"""Dodrio""","""Normal""","""Flying""","""Red""",60,110,70,60,60,110,470
"""Seel""","""Water""",,"""Red""",65,45,55,45,70,45,325
"""Dewgong""","""Water""","""Ice""","""Red""",90,70,80,70,95,70,475
"""Grimer""","""Poison""",,"""Red""",80,80,50,40,50,25,325
"""Grimer""","""Poison""","""Dark""","""Sun""",80,80,50,40,50,25,325
"""Muk""","""Poison""","""Dark""","""Sun""",105,105,75,65,100,50,500
"""Muk""","""Poison""",,"""Red""",105,105,75,65,100,50,500
"""Shellder""","""Water""",,"""Red""",30,65,100,45,25,40,305
"""Cloyster""","""Water""","""Ice""","""Red""",50,95,180,85,45,70,525
"""Gastly""","""Ghost""","""Poison""","""Red""",30,35,30,100,35,80,310
"""Haunter""","""Ghost""","""Poison""","""Red""",45,50,45,115,55,95,405
"""Gengar""","""Ghost""","""Poison""","""Red""",60,65,60,130,75,110,500
"""Gengar""","""Ghost""","""Poison""","""Red""",60,65,60,130,75,110,500
"""Gengar""","""Ghost""","""Poison""","""Sword""",60,65,60,130,75,110,500
"""Gengar""","""Ghost""","""Poison""","""X""",60,65,80,170,95,130,600
"""Onix""","""Rock""","""Ground""","""Red""",35,45,160,30,45,70,385
"""Drowzee""","""Psychic""",,"""Red""",60,48,45,43,90,42,328
"""Hypno""","""Psychic""",,"""Red""",85,73,70,73,115,67,483
"""Krabby""","""Water""",,"""Red""",30,105,90,25,25,50,325
"""Kingler""","""Water""",,"""Red""",55,130,115,50,50,75,475
"""Kingler""","""Water""",,"""Sword""",55,130,115,50,50,75,475
"""Voltorb""","""Electric""",,"""Red""",40,30,50,55,55,100,330
"""Voltorb""","""Electric""","""Grass""","""Legends Arceus""",40,30,50,55,55,100,330
"""Electrode""","""Electric""",,"""Red""",60,50,70,80,80,150,490
"""Electrode""","""Electric""","""Grass""","""Legends Arceus""",60,50,70,80,80,150,490
"""Exeggcute""","""Grass""","""Psychic""","""Red""",60,40,80,60,45,40,325
"""Exeggutor""","""Grass""","""Psychic""","""Red""",95,95,85,125,75,55,530
"""Exeggutor""","""Grass""","""Psychic""","""Red""",95,95,85,125,75,55,530
"""Exeggutor""","""Grass""","""Psychic""","""Red""",95,95,85,125,75,55,530
"""Exeggutor""","""Grass""","""Dragon""","""Sun""",95,105,85,125,75,45,530
"""Exeggutor""","""Grass""","""Dragon""","""Sun""",95,105,85,125,75,45,530
"""Cubone""","""Ground""",,"""Red""",50,50,95,40,50,35,320
"""Marowak""","""Ground""",,"""Red""",60,80,110,50,80,45,425
"""Marowak""","""Ground""",,"""Red""",60,80,110,50,80,45,425
"""Marowak""","""Ground""",,"""Red""",60,80,110,50,80,45,425
"""Marowak""","""Ghost""","""Fire""","""Sun""",60,80,110,50,80,45,425
"""Marowak""","""Ghost""","""Fire""","""Sun""",60,80,110,50,80,45,425
"""Hitmonlee""","""Fighting""",,"""Red""",50,120,53,35,110,87,455
"""Hitmonchan""","""Fighting""",,"""Red""",50,105,79,35,110,76,455
"""Lickitung""","""Normal""",,"""Red""",90,55,75,60,75,30,385
"""Koffing""","""Poison""",,"""Red""",40,65,95,60,45,35,340
"""Weezing""","""Poison""",,"""Red""",65,90,120,85,70,60,490
"""Weezing""","""Poison""","""Fairy""","""Sword""",65,90,120,85,70,60,490
"""Rhyhorn""","""Ground""","""Rock""","""Red""",80,85,95,30,30,25,345
"""Rhydon""","""Ground""","""Rock""","""Red""",105,130,120,45,45,40,485
"""Chansey""","""Normal""",,"""Red""",250,5,5,35,105,50,450
"""Tangela""","""Grass""",,"""Red""",65,55,115,100,40,60,435
"""Kangaskhan""","""Normal""",,"""Red""",105,95,80,40,80,90,490
"""Kangaskhan""","""Normal""",,"""X""",105,125,100,60,100,100,590
"""Horsea""","""Water""",,"""Red""",30,40,70,70,25,60,295
"""Seadra""","""Water""",,"""Red""",55,65,95,95,45,85,440
"""Goldeen""","""Water""",,"""Red""",45,67,60,35,50,63,320
"""Seaking""","""Water""",,"""Red""",80,92,65,65,80,68,450
"""Staryu""","""Water""",,"""Red""",30,45,55,70,55,85,340
"""Starmie""","""Water""","""Psychic""","""Red""",60,75,85,100,85,115,520
"""Mr. Mime""","""Psychic""","""Fairy""","""Red""",40,45,65,100,120,90,460
"""Mr. Mime""","""Ice""","""Psychic""","""Sword""",50,65,65,90,90,100,460
"""Scyther""","""Bug""","""Flying""","""Red""",70,110,80,55,80,105,500
"""Jynx""","""Ice""","""Psychic""","""Red""",65,50,35,115,95,95,455
"""Electabuzz""","""Electric""",,"""Red""",65,83,57,95,85,105,490
"""Magmar""","""Fire""",,"""Red""",65,95,57,100,85,93,495
"""Pinsir""","""Bug""",,"""Red""",65,125,100,55,70,85,500
"""Pinsir""","""Bug""","""Flying""","""X""",65,155,120,65,90,105,600
"""Tauros""","""Normal""",,"""Red""",75,100,95,40,70,110,490
"""Tauros""","""Fighting""",,"""Scarlet""",75,110,105,30,70,100,490
"""Tauros""","""Fighting""","""Fire""","""Scarlet""",75,110,105,30,70,100,490
"""Tauros""","""Fighting""","""Water""","""Scarlet""",75,110,105,30,70,100,490
"""Magikarp""","""Water""",,"""Red""",20,10,55,15,20,80,200
"""Gyarados""","""Water""","""Flying""","""Red""",95,125,79,60,100,81,540
"""Gyarados""","""Water""","""Dark""","""X""",95,155,109,70,130,81,640
"""Lapras""","""Water""","""Ice""","""Red""",130,85,80,85,95,60,535
"""Lapras""","""Water""","""Ice""","""Sword""",130,85,80,85,95,60,535
"""Ditto""","""Normal""",,"""Red""",48,48,48,48,48,48,288
"""Eevee""","""Normal""",,"""Red""",55,55,50,45,65,55,325
"""Eevee""","""Normal""",,"""Sword""",55,55,50,45,65,55,325
"""Eevee""","""Normal""",,"""Let's Go Pikachu""",65,75,70,65,85,75,435
"""Vaporeon""","""Water""",,"""Red""",130,65,60,110,95,65,525
"""Jolteon""","""Electric""",,"""Red""",65,65,60,110,95,130,525
"""Flareon""","""Fire""",,"""Red""",65,130,60,95,110,65,525
"""Porygon""","""Normal""",,"""Red""",65,60,70,85,75,40,395
"""Omanyte""","""Rock""","""Water""","""Red""",35,40,100,90,55,35,355
"""Omastar""","""Rock""","""Water""","""Red""",70,60,125,115,70,55,495
"""Kabuto""","""Rock""","""Water""","""Red""",30,80,90,55,45,55,355
"""Kabutops""","""Rock""","""Water""","""Red""",60,115,105,65,70,80,495
"""Aerodactyl""","""Rock""","""Flying""","""Red""",80,105,65,60,75,130,515
"""Aerodactyl""","""Rock""","""Flying""","""X""",80,135,85,70,95,150,615
"""Snorlax""","""Normal""",,"""Red""",160,110,65,65,110,30,540
"""Snorlax""","""Normal""",,"""Sword""",160,110,65,65,110,30,540
"""Articuno""","""Ice""","""Flying""","""Red""",90,85,100,95,125,85,580
"""Articuno""","""Psychic""","""Flying""","""Sword""",90,85,85,125,100,95,580
"""Zapdos""","""Electric""","""Flying""","""Red""",90,90,85,125,90,100,580
"""Zapdos""","""Fighting""","""Flying""","""Sword""",90,125,90,85,90,100,580
"""Moltres""","""Fire""","""Flying""","""Red""",90,100,90,125,85,90,580
"""Moltres""","""Dark""","""Flying""","""Sword""",90,85,90,100,125,90,580
"""Dratini""","""Dragon""",,"""Red""",41,64,45,50,50,50,300
"""Dragonair""","""Dragon""",,"""Red""",61,84,65,70,70,70,420
"""Dragonite""","""Dragon""","""Flying""","""Red""",91,134,95,100,100,80,600
"""Mewtwo""","""Psychic""",,"""Red""",106,110,90,154,90,130,680
"""Mewtwo""","""Psychic""",,"""X""",106,190,100,154,100,130,780
"""Mewtwo""","""Psychic""",,"""X""",106,150,70,194,120,140,780
"""Mew""","""Psychic""",,"""Red""",100,100,100,100,100,100,600
"""Chikorita""","""Grass""",,"""Gold""",45,49,65,49,65,45,318
"""Bayleef""","""Grass""",,"""Gold""",60,62,80,63,80,60,405
"""Meganium""","""Grass""",,"""Gold""",80,82,100,83,100,80,525
"""Cyndaquil""","""Fire""",,"""Gold""",39,52,43,60,50,65,309
"""Quilava""","""Fire""",,"""Gold""",58,64,58,80,65,80,405
"""Typhlosion""","""Fire""",,"""Gold""",78,84,78,109,85,100,534
"""Typhlosion""","""Fire""","""Ghost""","""Legends Arceus""",73,84,78,119,85,95,534
"""Typhlosion""","""Fire""","""Ghost""","""Legends Arceus""",73,84,78,119,85,95,534
"""Totodile""","""Water""",,"""Gold""",50,65,64,44,48,43,314
"""Croconaw""","""Water""",,"""Gold""",65,80,80,59,63,58,405
"""Feraligatr""","""Water""",,"""Gold""",85,105,100,79,83,78,530
"""Sentret""","""Normal""",,"""Gold""",35,46,34,35,45,20,215
"""Furret""","""Normal""",,"""Gold""",85,76,64,45,55,90,415
"""Hoothoot""","""Normal""","""Flying""","""Gold""",60,30,30,36,56,50,262
"""Noctowl""","""Normal""","""Flying""","""Gold""",100,50,50,86,96,70,452
"""Ledyba""","""Bug""","""Flying""","""Gold""",40,20,30,40,80,55,265
"""Ledian""","""Bug""","""Flying""","""Gold""",55,35,50,55,110,85,390
"""Spinarak""","""Bug""","""Poison""","""Gold""",40,60,40,40,40,30,250
"""Ariados""","""Bug""","""Poison""","""Gold""",70,90,70,60,70,40,400
"""Crobat""","""Poison""","""Flying""","""Gold""",85,90,80,70,80,130,535
"""Chinchou""","""Water""","""Electric""","""Gold""",75,38,38,56,56,67,330
"""Lanturn""","""Water""","""Electric""","""Gold""",125,58,58,76,76,67,460
"""Pichu""","""Electric""",,"""Gold""",20,40,15,35,35,60,205
"""Cleffa""","""Fairy""",,"""Gold""",50,25,28,45,55,15,218
"""Igglybuff""","""Normal""","""Fairy""","""Gold""",90,30,15,40,20,15,210
"""Togepi""","""Fairy""",,"""Gold""",35,20,65,40,65,20,245
"""Togetic""","""Fairy""","""Flying""","""Gold""",55,40,85,80,105,40,405
"""Natu""","""Psychic""","""Flying""","""Gold""",40,50,45,70,45,70,320
"""Xatu""","""Psychic""","""Flying""","""Gold""",65,75,70,95,70,95,470
"""Mareep""","""Electric""",,"""Gold""",55,40,40,65,45,35,280
"""Flaaffy""","""Electric""",,"""Gold""",70,55,55,80,60,45,365
"""Ampharos""","""Electric""",,"""Gold""",90,75,85,115,90,55,510
"""Ampharos""","""Electric""","""Dragon""","""X""",90,95,105,165,110,45,610
"""Bellossom""","""Grass""",,"""Gold""",75,80,95,90,100,50,490
"""Marill""","""Water""","""Fairy""","""Gold""",70,20,50,20,50,40,250
"""Azumarill""","""Water""","""Fairy""","""Gold""",100,50,80,60,80,50,420
"""Sudowoodo""","""Rock""",,"""Gold""",70,110,115,30,65,30,420
"""Politoed""","""Water""",,"""Gold""",90,75,75,90,100,70,500
"""Hoppip""","""Grass""","""Flying""","""Gold""",35,35,40,35,55,50,250
"""Skiploom""","""Grass""","""Flying""","""Gold""",55,45,50,45,65,80,340
"""Jumpluff""","""Grass""","""Flying""","""Gold""",75,55,70,55,95,110,460
"""Aipom""","""Normal""",,"""Gold""",55,70,55,40,55,85,360
"""Sunkern""","""Grass""",,"""Gold""",30,30,30,30,30,30,180
"""Sunflora""","""Grass""",,"""Gold""",75,75,55,105,85,30,425
"""Yanma""","""Bug""","""Flying""","""Gold""",65,65,45,75,45,95,390
"""Wooper""","""Water""","""Ground""","""Gold""",55,45,45,25,25,15,210
"""Wooper""","""Poison""","""Ground""","""Scarlet""",55,45,45,25,25,15,210
"""Quagsire""","""Water""","""Ground""","""Gold""",95,85,85,65,65,35,430
"""Espeon""","""Psychic""",,"""Gold""",65,65,60,130,95,110,525
"""Umbreon""","""Dark""",,"""Gold""",95,65,110,60,130,65,525
"""Murkrow""","""Dark""","""Flying""","""Gold""",60,85,42,85,42,91,405
"""Slowking""","""Water""","""Psychic""","""Gold""",95,75,80,100,110,30,490
"""Slowking""","""Poison""","""Psychic""","""Sword""",95,65,80,110,110,30,490
"""Misdreavus""","""Ghost""",,"""Gold""",60,60,60,85,85,85,435
"""Unown""","""Psychic""",,"""Gold""",48,72,48,72,48,48,336
"""Unown""","""Psychic""",,"""Gold""",48,72,48,72,48,48,336
"""Unown""","""Psychic""",,"""Gold""",48,72,48,72,48,48,336
"""Unown""","""Psychic""",,"""Gold""",48,72,48,72,48,48,336
"""Unown""","""Psychic""",,"""Gold""",48,72,48,72,48,48,336
"""Unown""","""Psychic""",,"""Gold""",48,72,48,72,48,48,336
"""Unown""","""Psychic""",,"""Gold""",48,72,48,72,48,48,336
"""Unown""","""Psychic""",,"""Gold""",48,72,48,72,48,48,336
"""Unown""","""Psychic""",,"""Gold""",48,72,48,72,48,48,336
"""Unown""","""Psychic""",,"""Gold""",48,72,48,72,48,48,336
"""Unown""","""Psychic""",,"""Gold""",48,72,48,72,48,48,336
"""Unown""","""Psychic""",,"""Gold""",48,72,48,72,48,48,336
"""Unown""","""Psychic""",,"""Gold""",48,72,48,72,48,48,336
"""Unown""","""Psychic""",,"""Gold""",48,72,48,72,48,48,336
"""Unown""","""Psychic""",,"""Gold""",48,72,48,72,48,48,336
"""Unown""","""Psychic""",,"""Gold""",48,72,48,72,48,48,336
"""Unown""","""Psychic""",,"""Gold""",48,72,48,72,48,48,336
"""Unown""","""Psychic""",,"""Gold""",48,72,48,72,48,48,336
"""Unown""","""Psychic""",,"""Gold""",48,72,48,72,48,48,336
"""Unown""","""Psychic""",,"""Gold""",48,72,48,72,48,48,336
"""Unown""","""Psychic""",,"""Gold""",48,72,48,72,48,48,336
"""Unown""","""Psychic""",,"""Gold""",48,72,48,72,48,48,336
"""Unown""","""Psychic""",,"""Gold""",48,72,48,72,48,48,336
"""Unown""","""Psychic""",,"""Gold""",48,72,48,72,48,48,336
"""Unown""","""Psychic""",,"""Gold""",48,72,48,72,48,48,336
"""Unown""","""Psychic""",,"""Gold""",48,72,48,72,48,48,336
"""Unown""","""Psychic""",,"""Ruby""",48,72,48,72,48,48,336
"""Unown""","""Psychic""",,"""Ruby""",48,72,48,72,48,48,336
"""Wobbuffet""","""Psychic""",,"""Gold""",190,33,58,33,58,33,405
"""Girafarig""","""Normal""","""Psychic""","""Gold""",70,80,65,90,65,85,455
"""Pineco""","""Bug""",,"""Gold""",50,65,90,35,35,15,290
"""Forretress""","""Bug""","""Steel""","""Gold""",75,90,140,60,60,40,465
"""Dunsparce""","""Normal""",,"""Gold""",100,70,70,65,65,45,415
"""Gligar""","""Ground""","""Flying""","""Gold""",65,75,105,35,65,85,430
"""Steelix""","""Steel""","""Ground""","""Gold""",75,85,200,55,65,30,510
"""Steelix""","""Steel""","""Ground""","""Omega Ruby""",75,125,230,55,95,30,610
"""Snubbull""","""Fairy""",,"""Gold""",60,80,50,40,40,30,300
"""Granbull""","""Fairy""",,"""Gold""",90,120,75,60,60,45,450
"""Qwilfish""","""Water""","""Poison""","""Gold""",65,95,85,55,55,85,440
"""Qwilfish""","""Dark""","""Poison""","""Legends Arceus""",65,95,85,55,55,85,440
"""Scizor""","""Bug""","""Steel""","""Gold""",70,130,100,55,80,65,500
"""Scizor""","""Bug""","""Steel""","""X""",70,150,140,65,100,75,600
"""Shuckle""","""Bug""","""Rock""","""Gold""",20,10,230,10,230,5,505
"""Heracross""","""Bug""","""Fighting""","""Gold""",80,125,75,40,95,85,500
"""Heracross""","""Bug""","""Fighting""","""X""",80,185,115,40,105,75,600
"""Sneasel""","""Dark""","""Ice""","""Gold""",55,95,55,35,75,115,430
"""Sneasel""","""Fighting""","""Poison""","""Legends Arceus""",55,95,55,35,75,115,430
"""Teddiursa""","""Normal""",,"""Gold""",60,80,50,50,50,40,330
"""Ursaring""","""Normal""",,"""Gold""",90,130,75,75,75,55,500
"""Slugma""","""Fire""",,"""Gold""",40,40,40,70,40,20,250
"""Magcargo""","""Fire""","""Rock""","""Gold""",60,50,120,90,80,30,430
"""Swinub""","""Ice""","""Ground""","""Gold""",50,50,40,30,30,50,250
"""Piloswine""","""Ice""","""Ground""","""Gold""",100,100,80,60,60,50,450
"""Corsola""","""Water""","""Rock""","""Gold""",65,55,95,65,95,35,410
"""Corsola""","""Ghost""",,"""Sword""",60,55,100,65,100,30,410
"""Remoraid""","""Water""",,"""Gold""",35,65,35,65,35,65,300
"""Octillery""","""Water""",,"""Gold""",75,105,75,105,75,45,480
"""Delibird""","""Ice""","""Flying""","""Gold""",45,55,45,65,45,75,330
"""Mantine""","""Water""","""Flying""","""Gold""",85,40,70,80,140,70,485
"""Skarmory""","""Steel""","""Flying""","""Gold""",65,80,140,40,70,70,465
"""Houndour""","""Dark""","""Fire""","""Gold""",45,60,30,80,50,65,330
"""Houndoom""","""Dark""","""Fire""","""Gold""",75,90,50,110,80,95,500
"""Houndoom""","""Dark""","""Fire""","""X""",75,90,90,140,90,115,600
"""Kingdra""","""Water""","""Dragon""","""Gold""",75,95,95,95,95,85,540
"""Phanpy""","""Ground""",,"""Gold""",90,60,60,40,40,40,330
"""Donphan""","""Ground""",,"""Gold""",90,120,120,60,60,50,500
"""Porygon2""","""Normal""",,"""Gold""",85,80,90,105,95,60,515
"""Stantler""","""Normal""",,"""Gold""",73,95,62,85,65,85,465
"""Smeargle""","""Normal""",,"""Gold""",55,20,35,20,45,75,250
"""Tyrogue""","""Fighting""",,"""Gold""",35,35,35,35,35,35,210
"""Hitmontop""","""Fighting""",,"""Gold""",50,95,95,35,110,70,455
"""Smoochum""","""Ice""","""Psychic""","""Gold""",45,30,15,85,65,65,305
"""Elekid""","""Electric""",,"""Gold""",45,63,37,65,55,95,360
"""Magby""","""Fire""",,"""Gold""",45,75,37,70,55,83,365
"""Miltank""","""Normal""",,"""Gold""",95,80,105,40,70,100,490
"""Blissey""","""Normal""",,"""Gold""",255,10,10,75,135,55,540
"""Raikou""","""Electric""",,"""Gold""",90,85,75,115,100,115,580
"""Entei""","""Fire""",,"""Gold""",115,115,85,90,75,100,580
"""Suicune""","""Water""",,"""Gold""",100,75,115,90,115,85,580
"""Larvitar""","""Rock""","""Ground""","""Gold""",50,64,50,45,50,41,300
"""Pupitar""","""Rock""","""Ground""","""Gold""",70,84,70,65,70,51,410
"""Tyranitar""","""Rock""","""Dark""","""Gold""",100,134,110,95,100,61,600
"""Tyranitar""","""Rock""","""Dark""","""X""",100,164,150,95,120,71,700
"""Lugia""","""Psychic""","""Flying""","""Gold""",106,90,130,90,154,110,680
"""Ho-Oh""","""Fire""","""Flying""","""Gold""",106,130,90,110,154,90,680
"""Celebi""","""Psychic""","""Grass""","""Gold""",100,100,100,100,100,100,600
"""Treecko""","""Grass""",,"""Ruby""",40,45,35,65,55,70,310
"""Grovyle""","""Grass""",,"""Ruby""",50,65,45,85,65,95,405
"""Sceptile""","""Grass""",,"""Ruby""",70,85,65,105,85,120,530
"""Sceptile""","""Grass""","""Dragon""","""Omega Ruby""",70,110,75,145,85,145,630
"""Torchic""","""Fire""",,"""Ruby""",45,60,40,70,50,45,310
"""Combusken""","""Fire""","""Fighting""","""Ruby""",60,85,60,85,60,55,405
"""Blaziken""","""Fire""","""Fighting""","""Ruby""",80,120,70,110,70,80,530
"""Blaziken""","""Fire""","""Fighting""","""X""",80,160,80,130,80,100,630
"""Mudkip""","""Water""",,"""Ruby""",50,70,50,50,50,40,310
"""Marshtomp""","""Water""","""Ground""","""Ruby""",70,85,70,60,70,50,405
"""Swampert""","""Water""","""Ground""","""Ruby""",100,110,90,85,90,60,535
"""Swampert""","""Water""","""Ground""","""Omega Ruby""",100,150,110,95,110,70,635
"""Poochyena""","""Dark""",,"""Ruby""",35,55,35,30,30,35,220
"""Mightyena""","""Dark""",,"""Ruby""",70,90,70,60,60,70,420
"""Zigzagoon""","""Normal""",,"""Ruby""",38,30,41,30,41,60,240
"""Zigzagoon""","""Dark""","""Normal""","""Sword""",38,30,41,30,41,60,240
"""Linoone""","""Normal""",,"""Ruby""",78,70,61,50,61,100,420
"""Linoone""","""Dark""","""Normal""","""Sword""",78,70,61,50,61,100,420
"""Wurmple""","""Bug""",,"""Ruby""",45,45,35,20,30,20,195
"""Silcoon""","""Bug""",,"""Ruby""",50,35,55,25,25,15,205
"""Beautifly""","""Bug""","""Flying""","""Ruby""",60,70,50,100,50,65,395
"""Cascoon""","""Bug""",,"""Ruby""",50,35,55,25,25,15,205
"""Dustox""","""Bug""","""Poison""","""Ruby""",60,50,70,50,90,65,385
"""Lotad""","""Water""","""Grass""","""Ruby""",40,30,30,40,50,30,220
"""Lombre""","""Water""","""Grass""","""Ruby""",60,50,50,60,70,50,340
"""Ludicolo""","""Water""","""Grass""","""Ruby""",80,70,70,90,100,70,480
"""Seedot""","""Grass""",,"""Ruby""",40,40,50,30,30,30,220
"""Nuzleaf""","""Grass""","""Dark""","""Ruby""",70,70,40,60,40,60,340
"""Shiftry""","""Grass""","""Dark""","""Ruby""",90,100,60,90,60,80,480
"""Taillow""","""Normal""","""Flying""","""Ruby""",40,55,30,30,30,85,270
"""Swellow""","""Normal""","""Flying""","""Ruby""",60,85,60,75,50,125,455
"""Wingull""","""Water""","""Flying""","""Ruby""",40,30,30,55,30,85,270
"""Pelipper""","""Water""","""Flying""","""Ruby""",60,50,100,95,70,65,440
"""Ralts""","""Psychic""","""Fairy""","""Ruby""",28,25,25,45,35,40,198
"""Kirlia""","""Psychic""","""Fairy""","""Ruby""",38,35,35,65,55,50,278
"""Gardevoir""","""Psychic""","""Fairy""","""Ruby""",68,65,65,125,115,80,518
"""Gardevoir""","""Psychic""","""Fairy""","""X""",68,85,65,165,135,100,618
"""Surskit""","""Bug""","""Water""","""Ruby""",40,30,32,50,52,65,269
"""Masquerain""","""Bug""","""Flying""","""Ruby""",70,60,62,100,82,80,454
"""Shroomish""","""Grass""",,"""Ruby""",60,40,60,40,60,35,295
"""Breloom""","""Grass""","""Fighting""","""Ruby""",60,130,80,60,60,70,460
"""Slakoth""","""Normal""",,"""Ruby""",60,60,60,35,35,30,280
"""Vigoroth""","""Normal""",,"""Ruby""",80,80,80,55,55,90,440
"""Slaking""","""Normal""",,"""Ruby""",150,160,100,95,65,100,670
"""Nincada""","""Bug""","""Ground""","""Ruby""",31,45,90,30,30,40,266
"""Ninjask""","""Bug""","""Flying""","""Ruby""",61,90,45,50,50,160,456
"""Shedinja""","""Bug""","""Ghost""","""Ruby""",1,90,45,30,30,40,236
"""Whismur""","""Normal""",,"""Ruby""",64,51,23,51,23,28,240
"""Loudred""","""Normal""",,"""Ruby""",84,71,43,71,43,48,360
"""Exploud""","""Normal""",,"""Ruby""",104,91,63,91,73,68,490
"""Makuhita""","""Fighting""",,"""Ruby""",72,60,30,20,30,25,237
"""Hariyama""","""Fighting""",,"""Ruby""",144,120,60,40,60,50,474
"""Azurill""","""Normal""","""Fairy""","""Ruby""",50,20,40,20,40,20,190
"""Nosepass""","""Rock""",,"""Ruby""",30,45,135,45,90,30,375
"""Skitty""","""Normal""",,"""Ruby""",50,45,45,35,35,50,260
"""Delcatty""","""Normal""",,"""Ruby""",70,65,65,55,55,90,400
"""Sableye""","""Dark""","""Ghost""","""Ruby""",50,75,75,65,65,50,380
"""Sableye""","""Dark""","""Ghost""","""Omega Ruby""",50,85,125,85,115,20,480
"""Mawile""","""Steel""","""Fairy""","""Ruby""",50,85,85,55,55,50,380
"""Mawile""","""Steel""","""Fairy""","""X""",50,105,125,55,95,50,480
"""Aron""","""Steel""","""Rock""","""Ruby""",50,70,100,40,40,30,330
"""Lairon""","""Steel""","""Rock""","""Ruby""",60,90,140,50,50,40,430
"""Aggron""","""Steel""","""Rock""","""Ruby""",70,110,180,60,60,50,530
"""Aggron""","""Steel""",,"""X""",70,140,230,60,80,50,630
"""Meditite""","""Fighting""","""Psychic""","""Ruby""",30,40,55,40,55,60,280
"""Medicham""","""Fighting""","""Psychic""","""Ruby""",60,60,75,60,75,80,410
"""Medicham""","""Fighting""","""Psychic""","""X""",60,100,85,80,85,100,510
"""Electrike""","""Electric""",,"""Ruby""",40,45,40,65,40,65,295
"""Manectric""","""Electric""",,"""Ruby""",70,75,60,105,60,105,475
"""Manectric""","""Electric""",,"""X""",70,75,80,135,80,135,575
"""Plusle""","""Electric""",,"""Ruby""",60,50,40,85,75,95,405
"""Minun""","""Electric""",,"""Ruby""",60,40,50,75,85,95,405
"""Volbeat""","""Bug""",,"""Ruby""",65,73,75,47,85,85,430
"""Illumise""","""Bug""",,"""Ruby""",65,47,75,73,85,85,430
"""Roselia""","""Grass""","""Poison""","""Ruby""",50,60,45,100,80,65,400
"""Gulpin""","""Poison""",,"""Ruby""",70,43,53,43,53,40,302
"""Swalot""","""Poison""",,"""Ruby""",100,73,83,73,83,55,467
"""Carvanha""","""Water""","""Dark""","""Ruby""",45,90,20,65,20,65,305
"""Sharpedo""","""Water""","""Dark""","""Ruby""",70,120,40,95,40,95,460
"""Sharpedo""","""Water""","""Dark""","""Omega Ruby""",70,140,70,110,65,105,560
"""Wailmer""","""Water""",,"""Ruby""",130,70,35,70,35,60,400
"""Wailord""","""Water""",,"""Ruby""",170,90,45,90,45,60,500
"""Numel""","""Fire""","""Ground""","""Ruby""",60,60,40,65,45,35,305
"""Camerupt""","""Fire""","""Ground""","""Ruby""",70,100,70,105,75,40,460
"""Camerupt""","""Fire""","""Ground""","""Omega Ruby""",70,120,100,145,105,20,560
"""Torkoal""","""Fire""",,"""Ruby""",70,85,140,85,70,20,470
"""Spoink""","""Psychic""",,"""Ruby""",60,25,35,70,80,60,330
"""Grumpig""","""Psychic""",,"""Ruby""",80,45,65,90,110,80,470
"""Spinda""","""Normal""",,"""Ruby""",60,60,60,60,60,60,360
"""Trapinch""","""Ground""",,"""Ruby""",45,100,45,45,45,10,290
"""Vibrava""","""Ground""","""Dragon""","""Ruby""",50,70,50,50,50,70,340
"""Flygon""","""Ground""","""Dragon""","""Ruby""",80,100,80,80,80,100,520
"""Cacnea""","""Grass""",,"""Ruby""",50,85,40,85,40,35,335
"""Cacturne""","""Grass""","""Dark""","""Ruby""",70,115,60,115,60,55,475
"""Swablu""","""Normal""","""Flying""","""Ruby""",45,40,60,40,75,50,310
"""Altaria""","""Dragon""","""Flying""","""Ruby""",75,70,90,70,105,80,490
"""Altaria""","""Dragon""","""Fairy""","""Omega Ruby""",75,110,110,110,105,80,590
"""Zangoose""","""Normal""",,"""Ruby""",73,115,60,60,60,90,458
"""Seviper""","""Poison""",,"""Ruby""",73,100,60,100,60,65,458
"""Lunatone""","""Rock""","""Psychic""","""Ruby""",90,55,65,95,85,70,460
"""Solrock""","""Rock""","""Psychic""","""Ruby""",90,95,85,55,65,70,460
"""Barboach""","""Water""","""Ground""","""Ruby""",50,48,43,46,41,60,288
"""Whiscash""","""Water""","""Ground""","""Ruby""",110,78,73,76,71,60,468
"""Corphish""","""Water""",,"""Ruby""",43,80,65,50,35,35,308
"""Crawdaunt""","""Water""","""Dark""","""Ruby""",63,120,85,90,55,55,468
"""Baltoy""","""Ground""","""Psychic""","""Ruby""",40,40,55,40,70,55,300
"""Claydol""","""Ground""","""Psychic""","""Ruby""",60,70,105,70,120,75,500
"""Lileep""","""Rock""","""Grass""","""Ruby""",66,41,77,61,87,23,355
"""Cradily""","""Rock""","""Grass""","""Ruby""",86,81,97,81,107,43,495
"""Anorith""","""Rock""","""Bug""","""Ruby""",45,95,50,40,50,75,355
"""Armaldo""","""Rock""","""Bug""","""Ruby""",75,125,100,70,80,45,495
"""Feebas""","""Water""",,"""Ruby""",20,15,20,10,55,80,200
"""Milotic""","""Water""",,"""Ruby""",95,60,79,100,125,81,540
"""Milotic""","""Water""",,"""Ruby""",95,60,79,100,125,81,540
"""Castform""","""Normal""",,"""Ruby""",70,70,70,70,70,70,420
"""Castform""","""Fire""",,"""Ruby""",70,70,70,70,70,70,420
"""Castform""","""Water""",,"""Ruby""",70,70,70,70,70,70,420
"""Castform""","""Ice""",,"""Ruby""",70,70,70,70,70,70,420
"""Kecleon""","""Normal""",,"""Ruby""",60,90,70,60,120,40,440
"""Shuppet""","""Ghost""",,"""Ruby""",44,75,35,63,33,45,295
"""Banette""","""Ghost""",,"""Ruby""",64,115,65,83,63,65,455
"""Banette""","""Ghost""",,"""X""",64,165,75,93,83,75,555
"""Duskull""","""Ghost""",,"""Ruby""",20,40,90,30,90,25,295
"""Dusclops""","""Ghost""",,"""Ruby""",40,70,130,60,130,25,455
"""Tropius""","""Grass""","""Flying""","""Ruby""",99,68,83,72,87,51,460
"""Chimecho""","""Psychic""",,"""Ruby""",75,50,80,95,90,65,455
"""Absol""","""Dark""",,"""Ruby""",65,130,60,75,60,75,465
"""Absol""","""Dark""",,"""X""",65,150,60,115,60,115,565
"""Wynaut""","""Psychic""",,"""Ruby""",95,23,48,23,48,23,260
"""Snorunt""","""Ice""",,"""Ruby""",50,50,50,50,50,50,300
"""Glalie""","""Ice""",,"""Ruby""",80,80,80,80,80,80,480
"""Glalie""","""Ice""",,"""Omega Ruby""",80,120,80,120,80,100,580
"""Spheal""","""Ice""","""Water""","""Ruby""",70,40,50,55,50,25,290
"""Sealeo""","""Ice""","""Water""","""Ruby""",90,60,70,75,70,45,410
"""Walrein""","""Ice""","""Water""","""Ruby""",110,80,90,95,90,65,530
"""Clamperl""","""Water""",,"""Ruby""",35,64,85,74,55,32,345
"""Huntail""","""Water""",,"""Ruby""",55,104,105,94,75,52,485
"""Gorebyss""","""Water""",,"""Ruby""",55,84,105,114,75,52,485
"""Relicanth""","""Water""","""Rock""","""Ruby""",100,90,130,45,65,55,485
"""Luvdisc""","""Water""",,"""Ruby""",43,30,55,40,65,97,330
"""Bagon""","""Dragon""",,"""Ruby""",45,75,60,40,30,50,300
"""Shelgon""","""Dragon""",,"""Ruby""",65,95,100,60,50,50,420
"""Salamence""","""Dragon""","""Flying""","""Ruby""",95,135,80,110,80,100,600
"""Salamence""","""Dragon""","""Flying""","""Omega Ruby""",95,145,130,120,90,120,700
"""Beldum""","""Steel""","""Psychic""","""Ruby""",40,55,80,35,60,30,300
"""Metang""","""Steel""","""Psychic""","""Ruby""",60,75,100,55,80,50,420
"""Metagross""","""Steel""","""Psychic""","""Ruby""",80,135,130,95,90,70,600
"""Metagross""","""Steel""","""Psychic""","""Omega Ruby""",80,145,150,105,110,110,700
"""Regirock""","""Rock""",,"""Ruby""",80,100,200,50,100,50,580
"""Regice""","""Ice""",,"""Ruby""",80,50,100,100,200,50,580
"""Registeel""","""Steel""",,"""Ruby""",80,75,150,75,150,50,580
"""Latias""","""Dragon""","""Psychic""","""Ruby""",80,80,90,110,130,110,600
"""Latias""","""Dragon""","""Psychic""","""Omega Ruby""",80,100,120,140,150,110,700
"""Latios""","""Dragon""","""Psychic""","""Ruby""",80,90,80,130,110,110,600
"""Latios""","""Dragon""","""Psychic""","""Omega Ruby""",80,130,100,160,120,110,700
"""Kyogre""","""Water""",,"""Ruby""",100,100,90,150,140,90,670
"""Kyogre""","""Water""",,"""Omega Ruby""",100,150,90,180,160,90,770
"""Groudon""","""Ground""",,"""Ruby""",100,150,140,100,90,90,670
"""Groudon""","""Ground""","""Fire""","""Omega Ruby""",100,180,160,150,90,90,770
"""Rayquaza""","""Dragon""","""Flying""","""Ruby""",105,150,90,150,90,95,680
"""Rayquaza""","""Dragon""","""Flying""","""Omega Ruby""",105,180,100,180,100,115,780
"""Jirachi""","""Steel""","""Psychic""","""Ruby""",100,100,100,100,100,100,600
"""Deoxys""","""Psychic""",,"""Ruby""",50,150,50,150,50,150,600
"""Deoxys""","""Psychic""",,"""Fire Red""",50,180,20,180,20,150,600
"""Deoxys""","""Psychic""",,"""Leaf Green""",50,70,160,70,160,90,600
"""Deoxys""","""Psychic""",,"""Emerald""",50,95,90,95,90,180,600
"""Turtwig""","""Grass""",,"""Diamond""",55,68,64,45,55,31,318
"""Grotle""","""Grass""",,"""Diamond""",75,89,85,55,65,36,405
"""Torterra""","""Grass""","""Ground""","""Diamond""",95,109,105,75,85,56,525
"""Chimchar""","""Fire""",,"""Diamond""",44,58,44,58,44,61,309
"""Monferno""","""Fire""","""Fighting""","""Diamond""",64,78,52,78,52,81,405
"""Infernape""","""Fire""","""Fighting""","""Diamond""",76,104,71,104,71,108,534
"""Piplup""","""Water""",,"""Diamond""",53,51,53,61,56,40,314
"""Prinplup""","""Water""",,"""Diamond""",64,66,68,81,76,50,405
"""Empoleon""","""Water""","""Steel""","""Diamond""",84,86,88,111,101,60,530
"""Starly""","""Normal""","""Flying""","""Diamond""",40,55,30,30,30,60,245
"""Staravia""","""Normal""","""Flying""","""Diamond""",55,75,50,40,40,80,340
"""Staraptor""","""Normal""","""Flying""","""Diamond""",85,120,70,50,60,100,485
"""Bidoof""","""Normal""",,"""Diamond""",59,45,40,35,40,31,250
"""Bibarel""","""Normal""","""Water""","""Diamond""",79,85,60,55,60,71,410
"""Kricketot""","""Bug""",,"""Diamond""",37,25,41,25,41,25,194
"""Kricketune""","""Bug""",,"""Diamond""",77,85,51,55,51,65,384
"""Shinx""","""Electric""",,"""Diamond""",45,65,34,40,34,45,263
"""Luxio""","""Electric""",,"""Diamond""",60,85,49,60,49,60,363
"""Luxray""","""Electric""",,"""Diamond""",80,120,79,95,79,70,523
"""Budew""","""Grass""","""Poison""","""Diamond""",40,30,35,50,70,55,280
"""Roserade""","""Grass""","""Poison""","""Diamond""",60,70,65,125,105,90,515
"""Cranidos""","""Rock""",,"""Diamond""",67,125,40,30,30,58,350
"""Rampardos""","""Rock""",,"""Diamond""",97,165,60,65,50,58,495
"""Shieldon""","""Rock""","""Steel""","""Diamond""",30,42,118,42,88,30,350
"""Bastiodon""","""Rock""","""Steel""","""Diamond""",60,52,168,47,138,30,495
"""Burmy""","""Bug""",,"""Diamond""",40,29,45,29,45,36,224
"""Burmy""","""Bug""",,"""Diamond""",40,29,45,29,45,36,224
"""Burmy""","""Bug""",,"""Diamond""",40,29,45,29,45,36,224
"""Wormadam""","""Bug""","""Grass""","""Diamond""",60,59,85,79,105,36,424
"""Wormadam""","""Bug""","""Ground""","""Diamond""",60,79,105,59,85,36,424
"""Wormadam""","""Bug""","""Steel""","""Diamond""",60,69,95,69,95,36,424
"""Mothim""","""Bug""","""Flying""","""Diamond""",70,94,50,94,50,66,424
"""Mothim""","""Bug""","""Flying""","""Diamond""",70,94,50,94,50,66,424
"""Mothim""","""Bug""","""Flying""","""Diamond""",70,94,50,94,50,66,424
"""Combee""","""Bug""","""Flying""","""Diamond""",30,30,42,30,42,70,244
"""Vespiquen""","""Bug""","""Flying""","""Diamond""",70,80,102,80,102,40,474
"""Pachirisu""","""Electric""",,"""Diamond""",60,45,70,45,90,95,405
"""Buizel""","""Water""",,"""Diamond""",55,65,35,60,30,85,330
"""Floatzel""","""Water""",,"""Diamond""",85,105,55,85,50,115,495
"""Cherubi""","""Grass""",,"""Diamond""",45,35,45,62,53,35,275
"""Cherrim""","""Grass""",,"""Diamond""",70,60,70,87,78,85,450
"""Shellos""","""Water""",,"""Diamond""",76,48,48,57,62,34,325
"""Shellos""","""Water""",,"""Diamond""",76,48,48,57,62,34,325
"""Gastrodon""","""Water""","""Ground""","""Diamond""",111,83,68,92,82,39,475
"""Gastrodon""","""Water""","""Ground""","""Diamond""",111,83,68,92,82,39,475
"""Ambipom""","""Normal""",,"""Diamond""",75,100,66,60,66,115,482
"""Drifloon""","""Ghost""","""Flying""","""Diamond""",90,50,34,60,44,70,348
"""Drifblim""","""Ghost""","""Flying""","""Diamond""",150,80,44,90,54,80,498
"""Buneary""","""Normal""",,"""Diamond""",55,66,44,44,56,85,350
"""Lopunny""","""Normal""",,"""Diamond""",65,76,84,54,96,105,480
"""Lopunny""","""Normal""","""Fighting""","""Omega Ruby""",65,136,94,54,96,135,580
"""Mismagius""","""Ghost""",,"""Diamond""",60,60,60,105,105,105,495
"""Honchkrow""","""Dark""","""Flying""","""Diamond""",100,125,52,105,52,71,505
"""Glameow""","""Normal""",,"""Diamond""",49,55,42,42,37,85,310
"""Purugly""","""Normal""",,"""Diamond""",71,82,64,64,59,112,452
"""Chingling""","""Psychic""",,"""Diamond""",45,30,50,65,50,45,285
"""Stunky""","""Poison""","""Dark""","""Diamond""",63,63,47,41,41,74,329
"""Skuntank""","""Poison""","""Dark""","""Diamond""",103,93,67,71,61,84,479
"""Bronzor""","""Steel""","""Psychic""","""Diamond""",57,24,86,24,86,23,300
"""Bronzong""","""Steel""","""Psychic""","""Diamond""",67,89,116,79,116,33,500
"""Bonsly""","""Rock""",,"""Diamond""",50,80,95,10,45,10,290
"""Mime Jr.""","""Psychic""","""Fairy""","""Diamond""",20,25,45,70,90,60,310
"""Happiny""","""Normal""",,"""Diamond""",100,5,5,15,65,30,220
"""Chatot""","""Normal""","""Flying""","""Diamond""",76,65,45,92,42,91,411
"""Spiritomb""","""Ghost""","""Dark""","""Diamond""",50,92,108,92,108,35,485
"""Gible""","""Dragon""","""Ground""","""Diamond""",58,70,45,40,45,42,300
"""Gabite""","""Dragon""","""Ground""","""Diamond""",68,90,65,50,55,82,410
"""Garchomp""","""Dragon""","""Ground""","""Diamond""",108,130,95,80,85,102,600
"""Garchomp""","""Dragon""","""Ground""","""X""",108,170,115,120,95,92,700
"""Munchlax""","""Normal""",,"""Diamond""",135,85,40,40,85,5,390
"""Riolu""","""Fighting""",,"""Diamond""",40,70,40,35,40,60,285
"""Lucario""","""Fighting""","""Steel""","""Diamond""",70,110,70,115,70,90,525
"""Lucario""","""Fighting""","""Steel""","""X""",70,145,88,140,70,112,625
"""Hippopotas""","""Ground""",,"""Diamond""",68,72,78,38,42,32,330
"""Hippowdon""","""Ground""",,"""Diamond""",108,112,118,68,72,47,525
"""Skorupi""","""Poison""","""Bug""","""Diamond""",40,50,90,30,55,65,330
"""Drapion""","""Poison""","""Dark""","""Diamond""",70,90,110,60,75,95,500
"""Croagunk""","""Poison""","""Fighting""","""Diamond""",48,61,40,61,40,50,300
"""Toxicroak""","""Poison""","""Fighting""","""Diamond""",83,106,65,86,65,85,490
"""Carnivine""","""Grass""",,"""Diamond""",74,100,72,90,72,46,454
"""Finneon""","""Water""",,"""Diamond""",49,49,56,49,61,66,330
"""Lumineon""","""Water""",,"""Diamond""",69,69,76,69,86,91,460
"""Mantyke""","""Water""","""Flying""","""Diamond""",45,20,50,60,120,50,345
"""Snover""","""Grass""","""Ice""","""Diamond""",60,62,50,62,60,40,334
"""Abomasnow""","""Grass""","""Ice""","""Diamond""",90,92,75,92,85,60,494
"""Abomasnow""","""Grass""","""Ice""","""X""",90,132,105,132,105,30,594
"""Weavile""","""Dark""","""Ice""","""Diamond""",70,120,65,45,85,125,510
"""Magnezone""","""Electric""","""Steel""","""Diamond""",70,70,115,130,90,60,535
"""Magnezone""","""Electric""","""Steel""","""Diamond""",70,70,115,130,90,60,535
"""Lickilicky""","""Normal""",,"""Diamond""",110,85,95,80,95,50,515
"""Rhyperior""","""Ground""","""Rock""","""Diamond""",115,140,130,55,55,40,535
"""Tangrowth""","""Grass""",,"""Diamond""",100,100,125,110,50,50,535
"""Electivire""","""Electric""",,"""Diamond""",75,123,67,95,85,95,540
"""Magmortar""","""Fire""",,"""Diamond""",75,95,67,125,95,83,540
"""Togekiss""","""Fairy""","""Flying""","""Diamond""",85,50,95,120,115,80,545
"""Yanmega""","""Bug""","""Flying""","""Diamond""",86,76,86,116,56,95,515
"""Leafeon""","""Grass""",,"""Diamond""",65,110,130,60,65,95,525
"""Leafeon""","""Grass""",,"""Diamond""",65,110,130,60,65,95,525
"""Glaceon""","""Ice""",,"""Diamond""",65,60,110,130,95,65,525
"""Glaceon""","""Ice""",,"""Diamond""",65,60,110,130,95,65,525
"""Gliscor""","""Ground""","""Flying""","""Diamond""",75,95,125,45,75,95,510
"""Mamoswine""","""Ice""","""Ground""","""Diamond""",110,130,80,70,60,80,530
"""Porygon-Z""","""Normal""",,"""Diamond""",85,80,70,135,75,90,535
"""Gallade""","""Psychic""","""Fighting""","""Diamond""",68,125,65,65,115,80,518
"""Gallade""","""Psychic""","""Fighting""","""Omega Ruby""",68,165,95,65,115,110,618
"""Probopass""","""Rock""","""Steel""","""Diamond""",60,55,145,75,150,40,525
"""Probopass""","""Rock""","""Steel""","""Diamond""",60,55,145,75,150,40,525
"""Dusknoir""","""Ghost""",,"""Diamond""",45,100,135,65,135,45,525
"""Froslass""","""Ice""","""Ghost""","""Diamond""",70,80,70,80,70,110,480
"""Rotom""","""Electric""","""Ghost""","""Diamond""",50,50,77,95,77,91,440
"""Rotom""","""Electric""","""Grass""","""Platinum""",50,65,107,105,107,86,520
"""Rotom""","""Electric""","""Fire""","""Platinum""",50,65,107,105,107,86,520
"""Rotom""","""Electric""","""Water""","""Platinum""",50,65,107,105,107,86,520
"""Rotom""","""Electric""","""Ice""","""Platinum""",50,65,107,105,107,86,520
"""Rotom""","""Electric""","""Flying""","""Platinum""",50,65,107,105,107,86,520
"""Uxie""","""Psychic""",,"""Diamond""",75,75,130,75,130,95,580
"""Mesprit""","""Psychic""",,"""Diamond""",80,105,105,105,105,80,580
"""Azelf""","""Psychic""",,"""Diamond""",75,125,70,125,70,115,580
"""Dialga""","""Steel""","""Dragon""","""Diamond""",100,120,120,150,100,90,680
"""Dialga""","""Steel""","""Dragon""","""Legends Arceus""",100,100,120,150,120,90,680
"""Palkia""","""Water""","""Dragon""","""Diamond""",90,120,100,150,120,100,680
"""Palkia""","""Water""","""Dragon""","""Legends Arceus""",90,100,100,150,120,120,680
"""Heatran""","""Fire""","""Steel""","""Diamond""",91,90,106,130,106,77,600
"""Regigigas""","""Normal""",,"""Diamond""",110,160,110,80,110,100,670
"""Giratina""","""Ghost""","""Dragon""","""Diamond""",150,100,120,100,120,90,680
"""Giratina""","""Ghost""","""Dragon""","""Platinum""",150,120,100,120,100,90,680
"""Cresselia""","""Psychic""",,"""Diamond""",120,70,110,75,120,85,580
"""Phione""","""Water""",,"""Diamond""",80,80,80,80,80,80,480
"""Manaphy""","""Water""",,"""Diamond""",100,100,100,100,100,100,600
"""Darkrai""","""Dark""",,"""Diamond""",70,90,90,135,90,125,600
"""Shaymin""","""Grass""",,"""Diamond""",100,100,100,100,100,100,600
"""Shaymin""","""Grass""","""Flying""","""Platinum""",100,103,75,120,75,127,600
"""Arceus""","""Normal""",,"""Diamond""",120,120,120,120,120,120,720
"""Victini""","""Psychic""","""Fire""","""Black""",100,100,100,100,100,100,600
"""Snivy""","""Grass""",,"""Black""",45,45,55,45,55,63,308
"""Servine""","""Grass""",,"""Black""",60,60,75,60,75,83,413
"""Serperior""","""Grass""",,"""Black""",75,75,95,75,95,113,528
"""Tepig""","""Fire""",,"""Black""",65,63,45,45,45,45,308
"""Pignite""","""Fire""","""Fighting""","""Black""",90,93,55,70,55,55,418
"""Emboar""","""Fire""","""Fighting""","""Black""",110,123,65,100,65,65,528
"""Oshawott""","""Water""",,"""Black""",55,55,45,63,45,45,308
"""Dewott""","""Water""",,"""Black""",75,75,60,83,60,60,413
"""Samurott""","""Water""",,"""Black""",95,100,85,108,70,70,528
"""Samurott""","""Water""","""Dark""","""Legends Arceus""",90,108,80,100,65,85,528
"""Samurott""","""Water""","""Dark""","""Legends Arceus""",90,108,80,100,65,85,528
"""Patrat""","""Normal""",,"""Black""",45,55,39,35,39,42,255
"""Watchog""","""Normal""",,"""Black""",60,85,69,60,69,77,420
"""Lillipup""","""Normal""",,"""Black""",45,60,45,25,45,55,275
"""Herdier""","""Normal""",,"""Black""",65,80,65,35,65,60,370
"""Stoutland""","""Normal""",,"""Black""",85,110,90,45,90,80,500
"""Purrloin""","""Dark""",,"""Black""",41,50,37,50,37,66,281
"""Liepard""","""Dark""",,"""Black""",64,88,50,88,50,106,446
"""Pansage""","""Grass""",,"""Black""",50,53,48,53,48,64,316
"""Simisage""","""Grass""",,"""Black""",75,98,63,98,63,101,498
"""Pansear""","""Fire""",,"""Black""",50,53,48,53,48,64,316
"""Simisear""","""Fire""",,"""Black""",75,98,63,98,63,101,498
"""Panpour""","""Water""",,"""Black""",50,53,48,53,48,64,316
"""Simipour""","""Water""",,"""Black""",75,98,63,98,63,101,498
"""Munna""","""Psychic""",,"""Black""",76,25,45,67,55,24,292
"""Musharna""","""Psychic""",,"""Black""",116,55,85,107,95,29,487
"""Pidove""","""Normal""","""Flying""","""Black""",50,55,50,36,30,43,264
"""Tranquill""","""Normal""","""Flying""","""Black""",62,77,62,50,42,65,358
"""Unfezant""","""Normal""","""Flying""","""Black""",80,115,80,65,55,93,488
"""Blitzle""","""Electric""",,"""Black""",45,60,32,50,32,76,295
"""Zebstrika""","""Electric""",,"""Black""",75,100,63,80,63,116,497
"""Roggenrola""","""Rock""",,"""Black""",55,75,85,25,25,15,280
"""Boldore""","""Rock""",,"""Black""",70,105,105,50,40,20,390
"""Gigalith""","""Rock""",,"""Black""",85,135,130,60,80,25,515
"""Woobat""","""Psychic""","""Flying""","""Black""",65,45,43,55,43,72,323
"""Swoobat""","""Psychic""","""Flying""","""Black""",67,57,55,77,55,114,425
"""Drilbur""","""Ground""",,"""Black""",60,85,40,30,45,68,328
"""Excadrill""","""Ground""","""Steel""","""Black""",110,135,60,50,65,88,508
"""Audino""","""Normal""",,"""Black""",103,60,86,60,86,50,445
"""Audino""","""Normal""","""Fairy""","""Omega Ruby""",103,60,126,80,126,50,545
"""Timburr""","""Fighting""",,"""Black""",75,80,55,25,35,35,305
"""Gurdurr""","""Fighting""",,"""Black""",85,105,85,40,50,40,405
"""Conkeldurr""","""Fighting""",,"""Black""",105,140,95,55,65,45,505
"""Tympole""","""Water""",,"""Black""",50,50,40,50,40,64,294
"""Palpitoad""","""Water""","""Ground""","""Black""",75,65,55,65,55,69,384
"""Seismitoad""","""Water""","""Ground""","""Black""",105,95,75,85,75,74,509
"""Throh""","""Fighting""",,"""Black""",120,100,85,30,85,45,465
"""Sawk""","""Fighting""",,"""Black""",75,125,75,30,75,85,465
"""Sewaddle""","""Bug""","""Grass""","""Black""",45,53,70,40,60,42,310
"""Swadloon""","""Bug""","""Grass""","""Black""",55,63,90,50,80,42,380
"""Leavanny""","""Bug""","""Grass""","""Black""",75,103,80,70,80,92,500
"""Venipede""","""Bug""","""Poison""","""Black""",30,45,59,30,39,57,260
"""Whirlipede""","""Bug""","""Poison""","""Black""",40,55,99,40,79,47,360
"""Scolipede""","""Bug""","""Poison""","""Black""",60,100,89,55,69,112,485
"""Cottonee""","""Grass""","""Fairy""","""Black""",40,27,60,37,50,66,280
"""Whimsicott""","""Grass""","""Fairy""","""Black""",60,67,85,77,75,116,480
"""Petilil""","""Grass""",,"""Black""",45,35,50,70,50,30,280
"""Lilligant""","""Grass""",,"""Black""",70,60,75,110,75,90,480
"""Lilligant""","""Grass""","""Fighting""","""Legends Arceus""",70,105,75,50,75,105,480
"""Lilligant""","""Grass""","""Fighting""","""Legends Arceus""",70,105,75,50,75,105,480
"""Basculin""","""Water""",,"""Black""",70,92,65,80,55,98,460
"""Basculin""","""Water""",,"""Legends Arceus""",70,92,65,80,55,98,460
"""Basculin""","""Water""",,"""Black""",70,92,65,80,55,98,460
"""Sandile""","""Ground""","""Dark""","""Black""",50,72,35,35,35,65,292
"""Krokorok""","""Ground""","""Dark""","""Black""",60,82,45,45,45,74,351
"""Krookodile""","""Ground""","""Dark""","""Black""",95,117,80,65,70,92,519
"""Darumaka""","""Fire""",,"""Black""",70,90,45,15,45,50,315
"""Darumaka""","""Ice""",,"""Sword""",70,90,45,15,45,50,315
"""Darmanitan""","""Fire""",,"""Black""",105,140,55,30,55,95,480
"""Darmanitan""","""Fire""","""Psychic""","""Black""",105,30,105,140,105,55,540
"""Darmanitan""","""Ice""",,"""Sword""",105,140,55,30,55,95,480
"""Darmanitan""","""Ice""","""Fire""","""Sword""",105,160,55,30,55,135,540
"""Maractus""","""Grass""",,"""Black""",75,86,67,106,67,60,461
"""Dwebble""","""Bug""","""Rock""","""Black""",50,65,85,35,35,55,325
"""Crustle""","""Bug""","""Rock""","""Black""",70,105,125,65,75,45,485
"""Scraggy""","""Dark""","""Fighting""","""Black""",50,75,70,35,70,48,348
"""Scrafty""","""Dark""","""Fighting""","""Black""",65,90,115,45,115,58,488
"""Sigilyph""","""Psychic""","""Flying""","""Black""",72,58,80,103,80,97,490
"""Yamask""","""Ghost""",,"""Black""",38,30,85,55,65,30,303
"""Yamask""","""Ground""","""Ghost""","""Sword""",38,55,85,30,65,30,303
"""Cofagrigus""","""Ghost""",,"""Black""",58,50,145,95,105,30,483
"""Tirtouga""","""Water""","""Rock""","""Black""",54,78,103,53,45,22,355
"""Carracosta""","""Water""","""Rock""","""Black""",74,108,133,83,65,32,495
"""Archen""","""Rock""","""Flying""","""Black""",55,112,45,74,45,70,401
"""Archeops""","""Rock""","""Flying""","""Black""",75,140,65,112,65,110,567
"""Trubbish""","""Poison""",,"""Black""",50,50,62,40,62,65,329
"""Garbodor""","""Poison""",,"""Black""",80,95,82,60,82,75,474
"""Garbodor""","""Poison""",,"""Sword""",80,95,82,60,82,75,474
"""Zorua""","""Dark""",,"""Black""",40,65,40,80,40,65,330
"""Zorua""","""Normal""","""Ghost""","""Legends Arceus""",35,60,40,85,40,70,330
"""Zoroark""","""Dark""",,"""Black""",60,105,60,120,60,105,510
"""Zoroark""","""Normal""","""Ghost""","""Legends Arceus""",60,105,60,120,60,105,510
"""Minccino""","""Normal""",,"""Black""",55,50,40,40,40,75,300
"""Cinccino""","""Normal""",,"""Black""",75,95,60,65,60,115,470
"""Gothita""","""Psychic""",,"""Black""",45,30,50,55,65,45,290
"""Gothorita""","""Psychic""",,"""Black""",60,45,70,75,85,55,390
"""Gothitelle""","""Psychic""",,"""Black""",70,55,95,95,110,65,490
"""Solosis""","""Psychic""",,"""Black""",45,30,40,105,50,20,290
"""Duosion""","""Psychic""",,"""Black""",65,40,50,125,60,30,370
"""Reuniclus""","""Psychic""",,"""Black""",110,65,75,125,85,30,490
"""Ducklett""","""Water""","""Flying""","""Black""",62,44,50,44,50,55,305
"""Swanna""","""Water""","""Flying""","""Black""",75,87,63,87,63,98,473
"""Vanillite""","""Ice""",,"""Black""",36,50,50,65,60,44,305
"""Vanillish""","""Ice""",,"""Black""",51,65,65,80,75,59,395
"""Vanilluxe""","""Ice""",,"""Black""",71,95,85,110,95,79,535
"""Deerling""","""Normal""","""Grass""","""Black""",60,60,50,40,50,75,335
"""Deerling""","""Normal""","""Grass""","""Black""",60,60,50,40,50,75,335
"""Deerling""","""Normal""","""Grass""","""Black""",60,60,50,40,50,75,335
"""Deerling""","""Normal""","""Grass""","""Black""",60,60,50,40,50,75,335
"""Sawsbuck""","""Normal""","""Grass""","""Black""",80,100,70,60,70,95,475
"""Sawsbuck""","""Normal""","""Grass""","""Black""",80,100,70,60,70,95,475
"""Sawsbuck""","""Normal""","""Grass""","""Black""",80,100,70,60,70,95,475
"""Sawsbuck""","""Normal""","""Grass""","""Black""",80,100,70,60,70,95,475
"""Emolga""","""Electric""","""Flying""","""Black""",55,75,60,75,60,103,428
"""Karrablast""","""Bug""",,"""Black""",50,75,45,40,45,60,315
"""Escavalier""","""Bug""","""Steel""","""Black""",70,135,105,60,105,20,495
"""Foongus""","""Grass""","""Poison""","""Black""",69,55,45,55,55,15,294
"""Amoonguss""","""Grass""","""Poison""","""Black""",114,85,70,85,80,30,464
"""Frillish""","""Water""","""Ghost""","""Black""",55,40,50,65,85,40,335
"""Jellicent""","""Water""","""Ghost""","""Black""",100,60,70,85,105,60,480
"""Alomomola""","""Water""",,"""Black""",165,75,80,40,45,65,470
"""Joltik""","""Bug""","""Electric""","""Black""",50,47,50,57,50,65,319
"""Galvantula""","""Bug""","""Electric""","""Black""",70,77,60,97,60,108,472
"""Ferroseed""","""Grass""","""Steel""","""Black""",44,50,91,24,86,10,305
"""Ferrothorn""","""Grass""","""Steel""","""Black""",74,94,131,54,116,20,489
"""Klink""","""Steel""",,"""Black""",40,55,70,45,60,30,300
"""Klang""","""Steel""",,"""Black""",60,80,95,70,85,50,440
"""Klinklang""","""Steel""",,"""Black""",60,100,115,70,85,90,520
"""Tynamo""","""Electric""",,"""Black""",35,55,40,45,40,60,275
"""Eelektrik""","""Electric""",,"""Black""",65,85,70,75,70,40,405
"""Eelektross""","""Electric""",,"""Black""",85,115,80,105,80,50,515
"""Elgyem""","""Psychic""",,"""Black""",55,55,55,85,55,30,335
"""Beheeyem""","""Psychic""",,"""Black""",75,75,75,125,95,40,485
"""Litwick""","""Ghost""","""Fire""","""Black""",50,30,55,65,55,20,275
"""Lampent""","""Ghost""","""Fire""","""Black""",60,40,60,95,60,55,370
"""Chandelure""","""Ghost""","""Fire""","""Black""",60,55,90,145,90,80,520
"""Axew""","""Dragon""",,"""Black""",46,87,60,30,40,57,320
"""Fraxure""","""Dragon""",,"""Black""",66,117,70,40,50,67,410
"""Haxorus""","""Dragon""",,"""Black""",76,147,90,60,70,97,540
"""Cubchoo""","""Ice""",,"""Black""",55,70,40,60,40,40,305
"""Beartic""","""Ice""",,"""Black""",95,130,80,70,80,50,505
"""Cryogonal""","""Ice""",,"""Black""",80,50,50,95,135,105,515
"""Shelmet""","""Bug""",,"""Black""",50,40,85,40,65,25,305
"""Accelgor""","""Bug""",,"""Black""",80,70,40,100,60,145,495
"""Stunfisk""","""Ground""","""Electric""","""Black""",109,66,84,81,99,32,471
"""Stunfisk""","""Ground""","""Steel""","""Sword""",109,81,99,66,84,32,471
"""Mienfoo""","""Fighting""",,"""Black""",45,85,50,55,50,65,350
"""Mienshao""","""Fighting""",,"""Black""",65,125,60,95,60,105,510
"""Druddigon""","""Dragon""",,"""Black""",77,120,90,60,90,48,485
"""Golett""","""Ground""","""Ghost""","""Black""",59,74,50,35,50,35,303
"""Golurk""","""Ground""","""Ghost""","""Black""",89,124,80,55,80,55,483
"""Pawniard""","""Dark""","""Steel""","""Black""",45,85,70,40,40,60,340
"""Bisharp""","""Dark""","""Steel""","""Black""",65,125,100,60,70,70,490
"""Bouffalant""","""Normal""",,"""Black""",95,110,95,40,95,55,490
"""Rufflet""","""Normal""","""Flying""","""Black""",70,83,50,37,50,60,350
"""Braviary""","""Normal""","""Flying""","""Black""",100,123,75,57,75,80,510
"""Braviary""","""Psychic""","""Flying""","""Legends Arceus""",110,83,70,112,70,65,510
"""Braviary""","""Psychic""","""Flying""","""Legends Arceus""",110,83,70,112,70,65,510
"""Vullaby""","""Dark""","""Flying""","""Black""",70,55,75,45,65,60,370
"""Mandibuzz""","""Dark""","""Flying""","""Black""",110,65,105,55,95,80,510
"""Heatmor""","""Fire""",,"""Black""",85,97,66,105,66,65,484
"""Durant""","""Bug""","""Steel""","""Black""",58,109,112,48,48,109,484
"""Deino""","""Dark""","""Dragon""","""Black""",52,65,50,45,50,38,300
"""Zweilous""","""Dark""","""Dragon""","""Black""",72,85,70,65,70,58,420
"""Hydreigon""","""Dark""","""Dragon""","""Black""",92,105,90,125,90,98,600
"""Larvesta""","""Bug""","""Fire""","""Black""",55,85,55,50,55,60,360
"""Volcarona""","""Bug""","""Fire""","""Black""",85,60,65,135,105,100,550
"""Cobalion""","""Steel""","""Fighting""","""Black""",91,90,129,90,72,108,580
"""Terrakion""","""Rock""","""Fighting""","""Black""",91,129,90,72,90,108,580
"""Virizion""","""Grass""","""Fighting""","""Black""",91,90,72,90,129,108,580
"""Tornadus""","""Flying""",,"""Black""",79,115,70,125,80,111,580
"""Tornadus""","""Flying""",,"""Black 2""",79,100,80,110,90,121,580
"""Thundurus""","""Electric""","""Flying""","""Black""",79,115,70,125,80,111,580
"""Thundurus""","""Electric""","""Flying""","""Black 2""",79,105,70,145,80,101,580
"""Reshiram""","""Dragon""","""Fire""","""Black""",100,120,100,150,120,90,680
"""Zekrom""","""Dragon""","""Electric""","""Black""",100,150,120,120,100,90,680
"""Landorus""","""Ground""","""Flying""","""Black""",89,125,90,115,80,101,600
"""Landorus""","""Ground""","""Flying""","""Black 2""",89,145,90,105,80,91,600
"""Kyurem""","""Dragon""","""Ice""","""Black""",125,130,90,130,90,95,660
"""Kyurem""","""Dragon""","""Ice""","""Black 2""",125,120,90,170,100,95,700
"""Kyurem""","""Dragon""","""Ice""","""Black 2""",125,170,100,120,90,95,700
"""Keldeo""","""Water""","""Fighting""","""Black""",91,72,90,129,90,108,580
"""Keldeo""","""Water""","""Fighting""","""Black""",91,72,90,129,90,108,580
"""Meloetta""","""Normal""","""Psychic""","""Black""",100,77,77,128,128,90,600
"""Meloetta""","""Normal""","""Fighting""","""Black""",100,128,90,77,77,128,600
"""Genesect""","""Bug""","""Steel""","""Black""",71,120,95,120,95,99,600
"""Chespin""","""Grass""",,"""X""",56,61,65,48,45,38,313
"""Quilladin""","""Grass""",,"""X""",61,78,95,56,58,57,405
"""Chesnaught""","""Grass""","""Fighting""","""X""",88,107,122,74,75,64,530
"""Fennekin""","""Fire""",,"""X""",40,45,40,62,60,60,307
"""Braixen""","""Fire""",,"""X""",59,59,58,90,70,73,409
"""Delphox""","""Fire""","""Psychic""","""X""",75,69,72,114,100,104,534
"""Froakie""","""Water""",,"""X""",41,56,40,62,44,71,314
"""Frogadier""","""Water""",,"""X""",54,63,52,83,56,97,405
"""Greninja""","""Water""","""Dark""","""X""",72,95,67,103,71,122,530
"""Greninja""","""Water""","""Dark""","""Sun""",72,145,67,153,71,132,640
"""Bunnelby""","""Normal""",,"""X""",38,36,38,32,36,57,237
"""Diggersby""","""Normal""","""Ground""","""X""",85,56,77,50,77,78,423
"""Fletchling""","""Normal""","""Flying""","""X""",45,50,43,40,38,62,278
"""Fletchinder""","""Fire""","""Flying""","""X""",62,73,55,56,52,84,382
"""Talonflame""","""Fire""","""Flying""","""X""",78,81,71,74,69,126,499
"""Scatterbug""","""Bug""",,"""X""",38,35,40,27,25,35,200
"""Spewpa""","""Bug""",,"""X""",45,22,60,27,30,29,213
"""Vivillon""","""Bug""","""Flying""","""X""",80,52,50,90,50,89,411
"""Vivillon""","""Bug""","""Flying""","""X""",80,52,50,90,50,89,411
"""Vivillon""","""Bug""","""Flying""","""X""",80,52,50,90,50,89,411
"""Vivillon""","""Bug""","""Flying""","""X""",80,52,50,90,50,89,411
"""Vivillon""","""Bug""","""Flying""","""X""",80,52,50,90,50,89,411
"""Vivillon""","""Bug""","""Flying""","""X""",80,52,50,90,50,89,411
"""Vivillon""","""Bug""","""Flying""","""X""",80,52,50,90,50,89,411
"""Vivillon""","""Bug""","""Flying""","""X""",80,52,50,90,50,89,411
"""Vivillon""","""Bug""","""Flying""","""X""",80,52,50,90,50,89,411
"""Vivillon""","""Bug""","""Flying""","""X""",80,52,50,90,50,89,411
"""Vivillon""","""Bug""","""Flying""","""X""",80,52,50,90,50,89,411
"""Vivillon""","""Bug""","""Flying""","""X""",80,52,50,90,50,89,411
"""Vivillon""","""Bug""","""Flying""","""X""",80,52,50,90,50,89,411
"""Vivillon""","""Bug""","""Flying""","""X""",80,52,50,90,50,89,411
"""Vivillon""","""Bug""","""Flying""","""X""",80,52,50,90,50,89,411
"""Vivillon""","""Bug""","""Flying""","""X""",80,52,50,90,50,89,411
"""Vivillon""","""Bug""","""Flying""","""X""",80,52,50,90,50,89,411
"""Vivillon""","""Bug""","""Flying""","""X""",80,52,50,90,50,89,411
"""Vivillon""","""Bug""","""Flying""","""X""",80,52,50,90,50,89,411
"""Vivillon""","""Bug""","""Flying""","""X""",80,52,50,90,50,89,411
"""Litleo""","""Fire""","""Normal""","""X""",62,50,58,73,54,72,369
"""Pyroar""","""Fire""","""Normal""","""X""",86,68,72,109,66,106,507
"""Flabb""","""Fairy""",,"""X""",44,38,39,61,79,42,303
"""Flabb""","""Fairy""",,"""X""",44,38,39,61,79,42,303
"""Flabb""","""Fairy""",,"""X""",44,38,39,61,79,42,303
"""Flabb""","""Fairy""",,"""X""",44,38,39,61,79,42,303
"""Flabb""","""Fairy""",,"""X""",44,38,39,61,79,42,303
"""Floette""","""Fairy""",,"""X""",54,45,47,75,98,52,371
"""Floette""","""Fairy""",,"""X""",54,45,47,75,98,52,371
"""Floette""","""Fairy""",,"""X""",54,45,47,75,98,52,371
"""Floette""","""Fairy""",,"""X""",54,45,47,75,98,52,371
"""Floette""","""Fairy""",,"""X""",54,45,47,75,98,52,371
"""Florges""","""Fairy""",,"""X""",78,65,68,112,154,75,552
"""Florges""","""Fairy""",,"""X""",78,65,68,112,154,75,552
"""Florges""","""Fairy""",,"""X""",78,65,68,112,154,75,552
"""Florges""","""Fairy""",,"""X""",78,65,68,112,154,75,552
"""Florges""","""Fairy""",,"""X""",78,65,68,112,154,75,552
"""Skiddo""","""Grass""",,"""X""",66,65,48,62,57,52,350
"""Gogoat""","""Grass""",,"""X""",123,100,62,97,81,68,531
"""Pancham""","""Fighting""",,"""X""",67,82,62,46,48,43,348
"""Pangoro""","""Fighting""","""Dark""","""X""",95,124,78,69,71,58,495
"""Furfrou""","""Normal""",,"""X""",75,80,60,65,90,102,472
"""Furfrou""","""Normal""",,"""X""",75,80,60,65,90,102,472
"""Furfrou""","""Normal""",,"""X""",75,80,60,65,90,102,472
"""Furfrou""","""Normal""",,"""X""",75,80,60,65,90,102,472
"""Furfrou""","""Normal""",,"""X""",75,80,60,65,90,102,472
"""Furfrou""","""Normal""",,"""X""",75,80,60,65,90,102,472
"""Furfrou""","""Normal""",,"""X""",75,80,60,65,90,102,472
"""Furfrou""","""Normal""",,"""X""",75,80,60,65,90,102,472
"""Furfrou""","""Normal""",,"""X""",75,80,60,65,90,102,472
"""Furfrou""","""Normal""",,"""X""",75,80,60,65,90,102,472
"""Espurr""","""Psychic""",,"""X""",62,48,54,63,60,68,355
"""Meowstic""","""Psychic""",,"""X""",74,48,76,83,81,104,466
"""Meowstic""","""Psychic""",,"""X""",74,48,76,83,81,104,466
"""Honedge""","""Steel""","""Ghost""","""X""",45,80,100,35,37,28,325
"""Doublade""","""Steel""","""Ghost""","""X""",59,110,150,45,49,35,448
"""Aegislash""","""Steel""","""Ghost""","""X""",60,50,140,50,140,60,500
"""Aegislash""","""Steel""","""Ghost""","""X""",60,140,50,140,50,60,500
"""Spritzee""","""Fairy""",,"""X""",78,52,60,63,65,23,341
"""Aromatisse""","""Fairy""",,"""X""",101,72,72,99,89,29,462
"""Swirlix""","""Fairy""",,"""X""",62,48,66,59,57,49,341
"""Slurpuff""","""Fairy""",,"""X""",82,80,86,85,75,72,480
"""Inkay""","""Dark""","""Psychic""","""X""",53,54,53,37,46,45,288
"""Malamar""","""Dark""","""Psychic""","""X""",86,92,88,68,75,73,482
"""Binacle""","""Rock""","""Water""","""X""",42,52,67,39,56,50,306
"""Barbaracle""","""Rock""","""Water""","""X""",72,105,115,54,86,68,500
"""Skrelp""","""Poison""","""Water""","""X""",50,60,60,60,60,30,320
"""Dragalge""","""Poison""","""Dragon""","""X""",65,75,90,97,123,44,494
"""Clauncher""","""Water""",,"""X""",50,53,62,58,63,44,330
"""Clawitzer""","""Water""",,"""X""",71,73,88,120,89,59,500
"""Helioptile""","""Electric""","""Normal""","""X""",44,38,33,61,43,70,289
"""Heliolisk""","""Electric""","""Normal""","""X""",62,55,52,109,94,109,481
"""Tyrunt""","""Rock""","""Dragon""","""X""",58,89,77,45,45,48,362
"""Tyrantrum""","""Rock""","""Dragon""","""X""",82,121,119,69,59,71,521
"""Amaura""","""Rock""","""Ice""","""X""",77,59,50,67,63,46,362
"""Aurorus""","""Rock""","""Ice""","""X""",123,77,72,99,92,58,521
"""Sylveon""","""Fairy""",,"""X""",95,65,65,110,130,60,525
"""Sylveon""","""Fairy""",,"""X""",95,65,65,110,130,60,525
"""Hawlucha""","""Fighting""","""Flying""","""X""",78,92,75,74,63,118,500
"""Dedenne""","""Electric""","""Fairy""","""X""",67,58,57,81,67,101,431
"""Carbink""","""Rock""","""Fairy""","""X""",50,50,150,50,150,50,500
"""Goomy""","""Dragon""",,"""X""",45,50,35,55,75,40,300
"""Sliggoo""","""Dragon""",,"""X""",68,75,53,83,113,60,452
"""Sliggoo""","""Steel""","""Dragon""","""Legends Arceus""",58,75,83,83,113,40,452
"""Sliggoo""","""Steel""","""Dragon""","""Legends Arceus""",58,75,83,83,113,40,452
"""Goodra""","""Dragon""",,"""X""",90,100,70,110,150,80,600
"""Goodra""","""Steel""","""Dragon""","""Legends Arceus""",80,100,100,110,150,60,600
"""Klefki""","""Steel""","""Fairy""","""X""",57,80,91,80,87,75,470
"""Phantump""","""Ghost""","""Grass""","""X""",43,70,48,50,60,38,309
"""Trevenant""","""Ghost""","""Grass""","""X""",85,110,76,65,82,56,474
"""Pumpkaboo""","""Ghost""","""Grass""","""X""",49,66,70,44,55,51,335
"""Pumpkaboo""","""Ghost""","""Grass""","""X""",44,66,70,44,55,56,335
"""Pumpkaboo""","""Ghost""","""Grass""","""X""",54,66,70,44,55,46,335
"""Pumpkaboo""","""Ghost""","""Grass""","""X""",59,66,70,44,55,41,335
"""Gourgeist""","""Ghost""","""Grass""","""X""",65,90,122,58,75,84,494
"""Gourgeist""","""Ghost""","""Grass""","""X""",55,85,122,58,75,99,494
"""Gourgeist""","""Ghost""","""Grass""","""X""",75,95,122,58,75,69,494
"""Gourgeist""","""Ghost""","""Grass""","""X""",85,100,122,58,75,54,494
"""Bergmite""","""Ice""",,"""X""",55,69,85,32,35,28,304
"""Avalugg""","""Ice""","""Rock""","""Legends Arceus""",95,127,184,34,36,38,514
"""Avalugg""","""Ice""","""Rock""","""Legends Arceus""",95,127,184,34,36,38,514
"""Avalugg""","""Ice""",,"""X""",95,117,184,44,46,28,514
"""Noibat""","""Flying""","""Dragon""","""X""",40,30,35,45,40,55,245
"""Noivern""","""Flying""","""Dragon""","""X""",85,70,80,97,80,123,535
"""Xerneas""","""Fairy""",,"""X""",126,131,95,131,98,99,680
"""Yveltal""","""Dark""","""Flying""","""X""",126,131,95,131,98,99,680
"""Zygarde""","""Dragon""","""Ground""","""X""",108,100,121,81,95,95,600
"""Zygarde""","""Dragon""","""Ground""","""Sun""",54,100,71,61,85,115,486
"""Zygarde""","""Dragon""","""Ground""","""Sun""",216,100,121,91,95,85,708
"""Diancie""","""Rock""","""Fairy""","""Omega Ruby""",50,160,110,160,110,110,700
"""Diancie""","""Rock""","""Fairy""","""X""",50,100,150,100,150,50,600
"""Hoopa""","""Psychic""","""Ghost""","""X""",80,110,60,150,130,70,600
"""Hoopa""","""Psychic""","""Dark""","""Omega Ruby""",80,160,60,170,130,80,680
"""Volcanion""","""Fire""","""Water""","""X""",80,110,120,130,90,70,600
"""Rowlet""","""Grass""","""Flying""","""Sun""",68,55,55,50,50,40,318
"""Dartrix""","""Grass""","""Flying""","""Sun""",78,75,75,70,70,52,420
"""Decidueye""","""Grass""","""Ghost""","""Sun""",78,107,75,100,100,70,530
"""Decidueye""","""Grass""","""Fighting""","""Legends Arceus""",88,112,80,95,95,60,530
"""Decidueye""","""Grass""","""Fighting""","""Legends Arceus""",88,112,80,95,95,60,530
"""Litten""","""Fire""",,"""Sun""",45,65,40,60,40,70,320
"""Torracat""","""Fire""",,"""Sun""",65,85,50,80,50,90,420
"""Incineroar""","""Fire""","""Dark""","""Sun""",95,115,90,80,90,60,530
"""Popplio""","""Water""",,"""Sun""",50,54,54,66,56,40,320
"""Brionne""","""Water""",,"""Sun""",60,69,69,91,81,50,420
"""Primarina""","""Water""","""Fairy""","""Sun""",80,74,74,126,116,60,530
"""Pikipek""","""Normal""","""Flying""","""Sun""",35,75,30,30,30,65,265
"""Trumbeak""","""Normal""","""Flying""","""Sun""",55,85,50,40,50,75,355
"""Toucannon""","""Normal""","""Flying""","""Sun""",80,120,75,75,75,60,485
"""Yungoos""","""Normal""",,"""Sun""",48,70,30,30,30,45,253
"""Gumshoos""","""Normal""",,"""Sun""",88,110,60,55,60,45,418
"""Grubbin""","""Bug""",,"""Sun""",47,62,45,55,45,46,300
"""Charjabug""","""Bug""","""Electric""","""Sun""",57,82,95,55,75,36,400
"""Vikavolt""","""Bug""","""Electric""","""Sun""",77,70,90,145,75,43,500
"""Vikavolt""","""Bug""","""Electric""","""Sun""",77,70,90,145,75,43,500
"""Crabrawler""","""Fighting""",,"""Sun""",47,82,57,42,47,63,338
"""Crabominable""","""Fighting""","""Ice""","""Sun""",97,132,77,62,67,43,478
"""Crabominable""","""Fighting""","""Ice""","""Sun""",97,132,77,62,67,43,478
"""Oricorio""","""Fire""","""Flying""","""Sun""",75,70,70,98,70,93,476
"""Oricorio""","""Electric""","""Flying""","""Sun""",75,70,70,98,70,93,476
"""Oricorio""","""Psychic""","""Flying""","""Sun""",75,70,70,98,70,93,476
"""Oricorio""","""Ghost""","""Flying""","""Sun""",75,70,70,98,70,93,476
"""Cutiefly""","""Bug""","""Fairy""","""Sun""",40,45,40,55,40,84,304
"""Ribombee""","""Bug""","""Fairy""","""Sun""",60,55,60,96,70,124,465
"""Rockruff""","""Rock""",,"""Sun""",45,65,40,30,40,60,280
"""Lycanroc""","""Rock""",,"""Sun""",75,115,65,55,65,112,487
"""Lycanroc""","""Rock""",,"""Sun""",85,115,75,55,75,82,487
"""Lycanroc""","""Rock""",,"""Ultra Sun""",75,117,65,55,65,110,487
"""Wishiwashi""","""Water""",,"""Sun""",45,20,20,25,25,40,175
"""Wishiwashi""","""Water""",,"""Sun""",45,140,130,140,135,30,620
"""Mareanie""","""Poison""","""Water""","""Sun""",50,53,62,43,52,45,305
"""Toxapex""","""Poison""","""Water""","""Sun""",50,63,152,53,142,35,495
"""Mudbray""","""Ground""",,"""Sun""",70,100,70,45,55,45,385
"""Mudsdale""","""Ground""",,"""Sun""",100,125,100,55,85,35,500
"""Dewpider""","""Water""","""Bug""","""Sun""",38,40,52,40,72,27,269
"""Araquanid""","""Water""","""Bug""","""Sun""",68,70,92,50,132,42,454
"""Fomantis""","""Grass""",,"""Sun""",40,55,35,50,35,35,250
"""Lurantis""","""Grass""",,"""Sun""",70,105,90,80,90,45,480
"""Morelull""","""Grass""","""Fairy""","""Sun""",40,35,55,65,75,15,285
"""Shiinotic""","""Grass""","""Fairy""","""Sun""",60,45,80,90,100,30,405
"""Salandit""","""Poison""","""Fire""","""Sun""",48,44,40,71,40,77,320
"""Salazzle""","""Poison""","""Fire""","""Sun""",68,64,60,111,60,117,480
"""Stufful""","""Normal""","""Fighting""","""Sun""",70,75,50,45,50,50,340
"""Bewear""","""Normal""","""Fighting""","""Sun""",120,125,80,55,60,60,500
"""Bounsweet""","""Grass""",,"""Sun""",42,30,38,30,38,32,210
"""Steenee""","""Grass""",,"""Sun""",52,40,48,40,48,62,290
"""Tsareena""","""Grass""",,"""Sun""",72,120,98,50,98,72,510
"""Comfey""","""Fairy""",,"""Sun""",51,52,90,82,110,100,485
"""Oranguru""","""Normal""","""Psychic""","""Sun""",90,60,80,90,110,60,490
"""Passimian""","""Fighting""",,"""Sun""",100,120,90,40,60,80,490
"""Wimpod""","""Bug""","""Water""","""Sun""",25,35,40,20,30,80,230
"""Golisopod""","""Bug""","""Water""","""Sun""",75,125,140,60,90,40,530
"""Sandygast""","""Ghost""","""Ground""","""Sun""",55,55,80,70,45,15,320
"""Palossand""","""Ghost""","""Ground""","""Sun""",85,75,110,100,75,35,480
"""Pyukumuku""","""Water""",,"""Sun""",55,60,130,30,130,5,410
"""Type: Null""","""Normal""",,"""Sun""",95,95,95,95,95,59,534
"""Silvally""","""Normal""",,"""Sun""",95,95,95,95,95,95,570
"""Minior""","""Rock""","""Flying""","""Sun""",60,60,100,60,100,60,440
"""Minior""","""Rock""","""Flying""","""Sun""",60,100,60,100,60,120,500
"""Minior""","""Rock""","""Flying""","""Sun""",60,100,60,100,60,120,500
"""Minior""","""Rock""","""Flying""","""Sun""",60,100,60,100,60,120,500
"""Minior""","""Rock""","""Flying""","""Sun""",60,100,60,100,60,120,500
"""Minior""","""Rock""","""Flying""","""Sun""",60,100,60,100,60,120,500
"""Minior""","""Rock""","""Flying""","""Sun""",60,100,60,100,60,120,500
"""Minior""","""Rock""","""Flying""","""Sun""",60,100,60,100,60,120,500
"""Komala""","""Normal""",,"""Sun""",65,115,65,75,95,65,480
"""Turtonator""","""Fire""","""Dragon""","""Sun""",60,78,135,91,85,36,485
"""Togedemaru""","""Electric""","""Steel""","""Sun""",65,98,63,40,73,96,435
"""Mimikyu""","""Ghost""","""Fairy""","""Sun""",55,90,80,50,105,96,476
"""Bruxish""","""Water""","""Psychic""","""Sun""",68,105,70,70,70,92,475
"""Drampa""","""Normal""","""Dragon""","""Sun""",78,60,85,135,91,36,485
"""Dhelmise""","""Ghost""","""Grass""","""Sun""",70,131,100,86,90,40,517
"""Jangmo-o""","""Dragon""",,"""Sun""",45,55,65,45,45,45,300
"""Hakamo-o""","""Dragon""","""Fighting""","""Sun""",55,75,90,65,70,65,420
"""Kommo-o""","""Dragon""","""Fighting""","""Sun""",75,110,125,100,105,85,600
"""Tapu Koko""","""Electric""","""Fairy""","""Sun""",70,115,85,95,75,130,570
"""Tapu Lele""","""Psychic""","""Fairy""","""Sun""",70,85,75,130,115,95,570
"""Tapu Bulu""","""Grass""","""Fairy""","""Sun""",70,130,115,85,95,75,570
"""Tapu Fini""","""Water""","""Fairy""","""Sun""",70,75,115,95,130,85,570
"""Cosmog""","""Psychic""",,"""Sun""",43,29,31,29,31,37,200
"""Cosmoem""","""Psychic""",,"""Sun""",43,29,131,29,131,37,400
"""Solgaleo""","""Psychic""","""Steel""","""Sun""",137,137,107,113,89,97,680
"""Solgaleo""","""Psychic""","""Steel""","""Sun""",137,137,107,113,89,97,680
"""Solgaleo""","""Psychic""","""Steel""","""Sun""",137,137,107,113,89,97,680
"""Lunala""","""Psychic""","""Ghost""","""Sun""",137,113,89,137,107,97,680
"""Lunala""","""Psychic""","""Ghost""","""Sun""",137,113,89,137,107,97,680
"""Lunala""","""Psychic""","""Ghost""","""Sun""",137,113,89,137,107,97,680
"""Nihilego""","""Rock""","""Poison""","""Sun""",109,53,47,127,131,103,570
"""Buzzwole""","""Bug""","""Fighting""","""Sun""",107,139,139,53,53,79,570
"""Pheromosa""","""Bug""","""Fighting""","""Sun""",71,137,37,137,37,151,570
"""Xurkitree""","""Electric""",,"""Sun""",83,89,71,173,71,83,570
"""Celesteela""","""Steel""","""Flying""","""Sun""",97,101,103,107,101,61,570
"""Kartana""","""Grass""","""Steel""","""Sun""",59,181,131,59,31,109,570
"""Guzzlord""","""Dark""","""Dragon""","""Sun""",223,101,53,97,53,43,570
"""Necrozma""","""Psychic""","""Steel""","""Ultra Sun""",97,157,127,113,109,77,680
"""Necrozma""","""Psychic""","""Ghost""","""Ultra Sun""",97,113,109,157,127,77,680
"""Necrozma""","""Psychic""","""Dragon""","""Ultra Sun""",97,167,97,167,97,129,754
"""Necrozma""","""Psychic""",,"""Sun""",97,107,101,127,89,79,600
"""Magearna""","""Steel""","""Fairy""","""Sun""",80,95,115,130,115,65,600
"""Magearna""","""Steel""","""Fairy""","""Sun""",80,95,115,130,115,65,600
"""Marshadow""","""Fighting""","""Ghost""","""Sun""",90,125,80,90,90,125,600
"""Poipole""","""Poison""",,"""Ultra Sun""",67,73,67,73,67,73,420
"""Naganadel""","""Poison""","""Dragon""","""Ultra Sun""",73,73,73,127,73,121,540
"""Stakataka""","""Rock""","""Steel""","""Ultra Sun""",61,131,211,53,101,13,570
"""Blacephalon""","""Fire""","""Ghost""","""Ultra Sun""",53,127,53,151,79,107,570
"""Zeraora""","""Electric""",,"""Ultra Sun""",88,112,75,102,80,143,600
"""Meltan""","""Steel""",,"""Pokmon GO""",46,65,65,55,35,34,300
"""Melmetal""","""Steel""",,"""Pokmon GO""",135,143,143,80,65,34,600
"""Melmetal""","""Steel""",,"""Sword""",135,143,143,80,65,34,600
"""Grookey""","""Grass""",,"""Sword""",50,65,50,40,40,65,310
"""Thwackey""","""Grass""",,"""Sword""",70,85,70,55,60,80,420
"""Rillaboom""","""Grass""",,"""Sword""",100,125,90,60,70,85,530
"""Rillaboom""","""Grass""",,"""Sword""",100,125,90,60,70,85,530
"""Scorbunny""","""Fire""",,"""Sword""",50,71,40,40,40,69,310
"""Raboot""","""Fire""",,"""Sword""",65,86,50,55,60,94,410
"""Cinderace""","""Fire""",,"""Sword""",80,116,75,65,75,119,530
"""Cinderace""","""Fire""",,"""Sword""",80,116,75,65,75,119,530
"""Sobble""","""Water""",,"""Sword""",50,40,40,70,40,70,310
"""Drizzile""","""Water""",,"""Sword""",65,60,55,95,55,90,420
"""Inteleon""","""Water""",,"""Sword""",70,85,65,125,65,120,530
"""Inteleon""","""Water""",,"""Sword""",70,85,65,125,65,120,530
"""Skwovet""","""Normal""",,"""Sword""",70,55,55,35,35,25,275
"""Greedent""","""Normal""",,"""Sword""",120,95,95,55,75,20,460
"""Rookidee""","""Flying""",,"""Sword""",38,47,35,33,35,57,245
"""Corvisquire""","""Flying""",,"""Sword""",68,67,55,43,55,77,365
"""Corviknight""","""Flying""","""Steel""","""Sword""",98,87,105,53,85,67,495
"""Corviknight""","""Flying""","""Steel""","""Sword""",98,87,105,53,85,67,495
"""Blipbug""","""Bug""",,"""Sword""",25,20,20,25,45,45,180
"""Dottler""","""Bug""","""Psychic""","""Sword""",50,35,80,50,90,30,335
"""Orbeetle""","""Bug""","""Psychic""","""Sword""",60,45,110,80,120,90,505
"""Orbeetle""","""Bug""","""Psychic""","""Sword""",60,45,110,80,120,90,505
"""Nickit""","""Dark""",,"""Sword""",40,28,28,47,52,50,245
"""Thievul""","""Dark""",,"""Sword""",70,58,58,87,92,90,455
"""Gossifleur""","""Grass""",,"""Sword""",40,40,60,40,60,10,250
"""Eldegoss""","""Grass""",,"""Sword""",60,50,90,80,120,60,460
"""Wooloo""","""Normal""",,"""Sword""",42,40,55,40,45,48,270
"""Dubwool""","""Normal""",,"""Sword""",72,80,100,60,90,88,490
"""Chewtle""","""Water""",,"""Sword""",50,64,50,38,38,44,284
"""Drednaw""","""Water""","""Rock""","""Sword""",90,115,90,48,68,74,485
"""Drednaw""","""Water""","""Rock""","""Sword""",90,115,90,48,68,74,485
"""Yamper""","""Electric""",,"""Sword""",59,45,50,40,50,26,270
"""Boltund""","""Electric""",,"""Sword""",69,90,60,90,60,121,490
"""Rolycoly""","""Rock""",,"""Sword""",30,40,50,40,50,30,240
"""Carkol""","""Rock""","""Fire""","""Sword""",80,60,90,60,70,50,410
"""Coalossal""","""Rock""","""Fire""","""Sword""",110,80,120,80,90,30,510
"""Coalossal""","""Rock""","""Fire""","""Sword""",110,80,120,80,90,30,510
"""Applin""","""Grass""","""Dragon""","""Sword""",40,40,80,40,40,20,260
"""Flapple""","""Grass""","""Dragon""","""Sword""",70,110,80,95,60,70,485
"""Flapple""","""Grass""","""Dragon""","""Sword""",70,110,80,95,60,70,485
"""Appletun""","""Grass""","""Dragon""","""Sword""",110,85,80,100,80,30,485
"""Appletun""","""Grass""","""Dragon""","""Sword""",110,85,80,100,80,30,485
"""Silicobra""","""Ground""",,"""Sword""",52,57,75,35,50,46,315
"""Sandaconda""","""Ground""",,"""Sword""",72,107,125,65,70,71,510
"""Sandaconda""","""Ground""",,"""Sword""",72,107,125,65,70,71,510
"""Cramorant""","""Flying""","""Water""","""Sword""",70,85,55,85,95,85,475
"""Arrokuda""","""Water""",,"""Sword""",41,63,40,40,30,66,280
"""Barraskewda""","""Water""",,"""Sword""",61,123,60,60,50,136,490
"""Toxel""","""Electric""","""Poison""","""Sword""",40,38,35,54,35,40,242
"""Toxtricity""","""Electric""","""Poison""","""Sword""",75,98,70,114,70,75,502
"""Toxtricity""","""Electric""","""Poison""","""Sword""",75,98,70,114,70,75,502
"""Toxtricity""","""Electric""","""Poison""","""Sword""",75,98,70,114,70,75,502
"""Toxtricity""","""Electric""","""Poison""","""Sword""",75,98,70,114,70,75,502
"""Sizzlipede""","""Fire""","""Bug""","""Sword""",50,65,45,50,50,45,305
"""Centiskorch""","""Fire""","""Bug""","""Sword""",100,115,65,90,90,65,525
"""Centiskorch""","""Fire""","""Bug""","""Sword""",100,115,65,90,90,65,525
"""Clobbopus""","""Fighting""",,"""Sword""",50,68,60,50,50,32,310
"""Grapploct""","""Fighting""",,"""Sword""",80,118,90,70,80,42,480
"""Sinistea""","""Ghost""",,"""Sword""",40,45,45,74,54,50,308
"""Sinistea""","""Ghost""",,"""Sword""",40,45,45,74,54,50,308
"""Polteageist""","""Ghost""",,"""Sword""",60,65,65,134,114,70,508
"""Polteageist""","""Ghost""",,"""Sword""",60,65,65,134,114,70,508
"""Hatenna""","""Psychic""",,"""Sword""",42,30,45,56,53,39,265
"""Hattrem""","""Psychic""",,"""Sword""",57,40,65,86,73,49,370
"""Hatterene""","""Psychic""","""Fairy""","""Sword""",57,90,95,136,103,29,510
"""Hatterene""","""Psychic""","""Fairy""","""Sword""",57,90,95,136,103,29,510
"""Impidimp""","""Dark""","""Fairy""","""Sword""",45,45,30,55,40,50,265
"""Morgrem""","""Dark""","""Fairy""","""Sword""",65,60,45,75,55,70,370
"""Grimmsnarl""","""Dark""","""Fairy""","""Sword""",95,120,65,95,75,60,510
"""Grimmsnarl""","""Dark""","""Fairy""","""Sword""",95,120,65,95,75,60,510
"""Obstagoon""","""Dark""","""Normal""","""Sword""",93,90,101,60,81,95,520
"""Perrserker""","""Steel""",,"""Sword""",70,110,100,50,60,50,440
"""Cursola""","""Ghost""",,"""Sword""",60,95,50,145,130,30,510
"""Sirfetch'd""","""Fighting""",,"""Sword""",62,135,95,68,82,65,507
"""Mr. Rime""","""Ice""","""Psychic""","""Sword""",80,85,75,110,100,70,520
"""Runerigus""","""Ground""","""Ghost""","""Sword""",58,95,145,50,105,30,483
"""Milcery""","""Fairy""",,"""Sword""",45,40,40,50,61,34,270
"""Alcremie""","""Fairy""",,"""Sword""",65,60,75,110,121,64,495
"""Alcremie""","""Fairy""",,"""Sword""",65,60,75,110,121,64,495
"""Alcremie""","""Fairy""",,"""Sword""",65,60,75,110,121,64,495
"""Alcremie""","""Fairy""",,"""Sword""",65,60,75,110,121,64,495
"""Alcremie""","""Fairy""",,"""Sword""",65,60,75,110,121,64,495
"""Alcremie""","""Fairy""",,"""Sword""",65,60,75,110,121,64,495
"""Alcremie""","""Fairy""",,"""Sword""",65,60,75,110,121,64,495
"""Alcremie""","""Fairy""",,"""Sword""",65,60,75,110,121,64,495
"""Alcremie""","""Fairy""",,"""Sword""",65,60,75,110,121,64,495
"""Alcremie""","""Fairy""",,"""Sword""",65,60,75,110,121,64,495
"""Falinks""","""Fighting""",,"""Sword""",60,100,100,70,60,75,465
"""Pincurchin""","""Electric""",,"""Sword""",48,101,95,91,85,15,435
"""Snom""","""Ice""","""Bug""","""Sword""",30,25,35,45,30,20,185
"""Frosmoth""","""Ice""","""Bug""","""Sword""",70,65,60,125,90,65,475
"""Stonjourner""","""Rock""",,"""Sword""",100,125,135,20,20,70,470
"""Eiscue""","""Ice""",,"""Sword""",75,80,110,65,90,50,470
"""Eiscue""","""Ice""",,"""Sword""",75,80,70,65,50,130,470
"""Indeedee""","""Psychic""","""Normal""","""Sword""",60,65,55,105,95,95,475
"""Indeedee""","""Psychic""","""Normal""","""Sword""",70,55,65,95,105,85,475
"""Morpeko""","""Electric""","""Dark""","""Sword""",58,95,58,70,58,97,436
"""Cufant""","""Steel""",,"""Sword""",72,80,49,40,49,40,330
"""Copperajah""","""Steel""",,"""Sword""",122,130,69,80,69,30,500
"""Copperajah""","""Steel""",,"""Sword""",122,130,69,80,69,30,500
"""Dracozolt""","""Electric""","""Dragon""","""Sword""",90,100,90,80,70,75,505
"""Arctozolt""","""Electric""","""Ice""","""Sword""",90,100,90,90,80,55,505
"""Dracovish""","""Water""","""Dragon""","""Sword""",90,90,100,70,80,75,505
"""Arctovish""","""Water""","""Ice""","""Sword""",90,90,100,80,90,55,505
"""Duraludon""","""Steel""","""Dragon""","""Sword""",70,95,115,120,50,85,535
"""Duraludon""","""Steel""","""Dragon""","""Sword""",70,95,115,120,50,85,535
"""Dreepy""","""Dragon""","""Ghost""","""Sword""",28,60,30,40,30,82,270
"""Drakloak""","""Dragon""","""Ghost""","""Sword""",68,80,50,60,50,102,410
"""Dragapult""","""Dragon""","""Ghost""","""Sword""",88,120,75,100,75,142,600
"""Zacian""","""Fairy""",,"""Sword""",92,120,115,80,115,138,660
"""Zacian""","""Fairy""","""Steel""","""Sword""",92,150,115,80,115,148,700
"""Zamazenta""","""Fighting""",,"""Sword""",92,120,115,80,115,138,660
"""Zamazenta""","""Fighting""","""Steel""","""Sword""",92,120,140,80,140,128,700
"""Eternatus""","""Poison""","""Dragon""","""Sword""",140,85,95,145,95,130,690
"""Eternatus""","""Poison""","""Dragon""","""Sword""",255,115,250,125,250,130,1125
"""Kubfu""","""Fighting""",,"""Sword""",60,90,60,53,50,72,385
"""Urshifu""","""Fighting""","""Dark""","""Sword""",100,130,100,63,60,97,550
"""Urshifu""","""Fighting""","""Dark""","""Sword""",100,130,100,63,60,97,550
"""Urshifu""","""Fighting""","""Water""","""Sword""",100,130,100,63,60,97,550
"""Urshifu""","""Fighting""","""Water""","""Sword""",100,130,100,63,60,97,550
"""Urshifu""","""Fighting""","""Dark""","""Sword""",100,130,100,63,60,97,550
"""Urshifu""","""Fighting""","""Water""","""Sword""",100,130,100,63,60,97,550
"""Zarude""","""Dark""","""Grass""","""Sword""",105,120,105,70,95,105,600
"""Zarude""","""Dark""","""Grass""","""Sword""",105,120,105,70,95,105,600
"""Regieleki""","""Electric""",,"""Sword""",80,100,50,100,50,200,580
"""Regidrago""","""Dragon""",,"""Sword""",200,100,50,100,50,80,580
"""Glastrier""","""Ice""",,"""Sword""",100,145,130,65,110,30,580
"""Spectrier""","""Ghost""",,"""Sword""",100,65,60,145,80,130,580
"""Calyrex""","""Psychic""","""Grass""","""Sword""",100,80,80,80,80,80,500
"""Calyrex""","""Psychic""","""Ice""","""Sword""",100,165,150,85,130,50,680
"""Calyrex""","""Psychic""","""Ghost""","""Sword""",100,85,80,165,100,150,680
"""Wyrdeer""","""Normal""","""Psychic""","""Legends Arceus""",103,105,72,105,75,65,525
"""Wyrdeer""","""Normal""","""Psychic""","""Legends Arceus""",103,105,72,105,75,65,525
"""Kleavor""","""Bug""","""Rock""","""Legends Arceus""",70,130,95,45,75,85,500
"""Ursaluna""","""Ground""","""Normal""","""Legends Arceus""",130,140,105,45,80,50,550
"""Ursaluna""","""Ground""","""Normal""","""Legends Arceus""",130,140,105,45,80,50,550
"""Ursaluna""","""Ground""","""Normal""","""Scarlet""",113,70,120,135,65,52,555
"""Basculegion""","""Water""","""Ghost""","""Legends Arceus""",120,92,65,100,75,78,530
"""Basculegion""","""Water""","""Ghost""","""Legends Arceus""",120,112,65,80,75,78,530
"""Sneasler""","""Fighting""","""Poison""","""Legends Arceus""",80,130,60,40,80,120,510
"""Overqwil""","""Dark""","""Poison""","""Legends Arceus""",85,115,95,65,65,85,510
"""Overqwil""","""Dark""","""Poison""","""Legends Arceus""",85,115,95,65,65,85,510
"""Enamorus""","""Fairy""","""Flying""","""Legends Arceus""",74,115,70,135,80,106,580
"""Enamorus""","""Fairy""","""Flying""","""Legends Arceus""",74,115,110,135,100,46,580
"""Sprigatito""","""Grass""",,"""Scarlet""",40,61,54,45,45,65,310
"""Floragato""","""Grass""",,"""Scarlet""",61,80,63,60,63,83,410
"""Meowscarada""","""Grass""","""Dark""","""Scarlet""",76,110,70,81,70,123,530
"""Fuecoco""","""Fire""",,"""Scarlet""",67,45,59,63,40,36,310
"""Crocalor""","""Fire""",,"""Scarlet""",81,55,78,49,58,90,411
"""Skeledirge""","""Fire""","""Ghost""","""Scarlet""",104,75,100,110,75,66,530
"""Quaxly""","""Water""",,"""Scarlet""",55,65,45,50,45,50,310
"""Quaxwell""","""Water""",,"""Scarlet""",70,85,65,65,60,65,410
"""Quaquaval""","""Water""","""Fighting""","""Scarlet""",85,120,80,85,75,85,530
"""Lechonk""","""Normal""",,"""Scarlet""",54,45,40,35,45,35,254
"""Oinkologne""","""Normal""",,"""Scarlet""",110,100,75,59,80,65,489
"""Oinkologne""","""Normal""",,"""Scarlet""",115,90,70,59,90,65,489
"""Tarountula""","""Bug""",,"""Scarlet""",35,41,45,29,40,20,210
"""Spidops""","""Bug""",,"""Scarlet""",60,79,92,52,86,35,404
"""Nymble""","""Bug""",,"""Scarlet""",33,46,40,21,25,45,210
"""Lokix""","""Bug""","""Dark""","""Scarlet""",71,102,78,52,55,92,450
"""Pawmi""","""Electric""",,"""Scarlet""",45,50,20,40,25,60,240
"""Pawmo""","""Electric""","""Fighting""","""Scarlet""",60,75,40,50,40,85,350
"""Pawmot""","""Electric""","""Fighting""","""Scarlet""",70,115,70,70,60,105,490
"""Tandemaus""","""Normal""",,"""Scarlet""",50,50,45,40,45,75,305
"""Maushold""","""Normal""",,"""Scarlet""",74,75,70,65,75,111,470
"""Maushold""","""Normal""",,"""Scarlet""",74,75,70,65,75,111,470
"""Fidough""","""Fairy""",,"""Scarlet""",37,55,70,30,55,65,312
"""Dachsbun""","""Fairy""",,"""Scarlet""",57,80,115,50,80,95,477
"""Smoliv""","""Grass""","""Normal""","""Scarlet""",41,35,45,58,51,30,260
"""Dolliv""","""Grass""","""Normal""","""Scarlet""",52,53,60,78,78,33,354
"""Arboliva""","""Grass""","""Normal""","""Scarlet""",78,69,90,125,109,39,510
"""Squawkabilly""","""Normal""","""Flying""","""Scarlet""",82,96,51,45,51,92,417
"""Squawkabilly""","""Normal""","""Flying""","""Scarlet""",82,96,51,45,51,92,417
"""Squawkabilly""","""Normal""","""Flying""","""Scarlet""",82,96,51,45,51,92,417
"""Squawkabilly""","""Normal""","""Flying""","""Scarlet""",82,96,51,45,51,92,417
"""Nacli""","""Rock""",,"""Scarlet""",55,55,75,35,35,25,280
"""Naclstack""","""Rock""",,"""Scarlet""",60,60,100,35,65,35,355
"""Garganacl""","""Rock""",,"""Scarlet""",100,100,130,45,90,35,500
"""Charcadet""","""Fire""",,"""Scarlet""",40,50,40,50,40,35,255
"""Armarouge""","""Fire""","""Psychic""","""Scarlet""",85,60,100,125,80,75,525
"""Ceruledge""","""Fire""","""Ghost""","""Scarlet""",75,125,80,60,100,85,525
"""Tadbulb""","""Electric""",,"""Scarlet""",61,31,41,59,35,45,272
"""Bellibolt""","""Electric""",,"""Scarlet""",109,64,91,103,83,45,495
"""Wattrel""","""Electric""","""Flying""","""Scarlet""",40,40,35,55,40,70,280
"""Kilowattrel""","""Electric""","""Flying""","""Scarlet""",70,70,60,105,60,125,490
"""Maschiff""","""Dark""",,"""Scarlet""",60,78,60,40,51,51,340
"""Mabosstiff""","""Dark""",,"""Scarlet""",80,120,90,60,70,85,505
"""Shroodle""","""Poison""","""Normal""","""Scarlet""",40,65,35,40,35,75,290
"""Grafaiai""","""Poison""","""Normal""","""Scarlet""",63,95,65,80,72,110,485
"""Bramblin""","""Grass""","""Ghost""","""Scarlet""",40,65,30,45,35,60,275
"""Brambleghast""","""Grass""","""Ghost""","""Scarlet""",55,115,70,80,70,90,480
"""Toedscool""","""Ground""","""Grass""","""Scarlet""",40,40,35,50,100,70,335
"""Toedscruel""","""Ground""","""Grass""","""Scarlet""",80,70,65,80,120,100,515
"""Klawf""","""Rock""",,"""Scarlet""",70,100,115,35,55,75,450
"""Capsakid""","""Grass""",,"""Scarlet""",50,62,40,62,40,50,304
"""Scovillain""","""Grass""","""Fire""","""Scarlet""",65,108,65,108,65,75,486
"""Rellor""","""Bug""",,"""Scarlet""",41,50,60,31,58,30,270
"""Rabsca""","""Bug""","""Psychic""","""Scarlet""",75,50,85,115,100,45,470
"""Flittle""","""Psychic""",,"""Scarlet""",30,35,30,55,30,75,255
"""Espathra""","""Psychic""",,"""Scarlet""",95,60,60,101,60,105,481
"""Tinkatink""","""Fairy""","""Steel""","""Scarlet""",50,45,45,35,64,58,297
"""Tinkatuff""","""Fairy""","""Steel""","""Scarlet""",65,55,55,45,82,78,380
"""Tinkaton""","""Fairy""","""Steel""","""Scarlet""",85,75,77,70,105,94,506
"""Wiglett""","""Water""",,"""Scarlet""",10,55,25,35,25,95,245
"""Wugtrio""","""Water""",,"""Scarlet""",35,100,50,50,70,120,425
"""Bombirdier""","""Flying""","""Dark""","""Scarlet""",70,103,85,60,85,82,485
"""Finizen""","""Water""",,"""Scarlet""",70,45,40,45,40,75,315
"""Palafin""","""Water""",,"""Scarlet""",100,70,72,53,62,100,457
"""Palafin""","""Water""",,"""Scarlet""",100,160,97,106,87,100,650
"""Varoom""","""Steel""","""Poison""","""Scarlet""",45,70,63,30,45,47,300
"""Revavroom""","""Steel""","""Poison""","""Scarlet""",80,119,90,54,67,90,500
"""Cyclizar""","""Dragon""","""Normal""","""Scarlet""",70,95,65,85,65,121,501
"""Orthworm""","""Steel""",,"""Scarlet""",70,85,145,60,55,65,480
"""Glimmet""","""Rock""","""Poison""","""Scarlet""",48,35,42,105,60,60,350
"""Glimmora""","""Rock""","""Poison""","""Scarlet""",83,55,90,130,81,86,525
"""Greavard""","""Ghost""",,"""Scarlet""",50,61,60,30,55,34,290
"""Houndstone""","""Ghost""",,"""Scarlet""",72,101,100,50,97,68,488
"""Flamigo""","""Flying""","""Fighting""","""Scarlet""",82,115,74,75,64,90,500
"""Cetoddle""","""Ice""",,"""Scarlet""",108,68,45,30,40,43,334
"""Cetitan""","""Ice""",,"""Scarlet""",170,113,65,45,55,73,521
"""Veluza""","""Water""","""Psychic""","""Scarlet""",90,102,73,78,65,70,478
"""Dondozo""","""Water""",,"""Scarlet""",150,100,115,65,65,35,530
"""Tatsugiri""","""Dragon""","""Water""","""Scarlet""",68,50,60,120,95,82,475
"""Tatsugiri""","""Dragon""","""Water""","""Scarlet""",68,50,60,120,95,82,475
"""Tatsugiri""","""Dragon""","""Water""","""Scarlet""",68,50,60,120,95,82,475
"""Annihilape""","""Fighting""","""Ghost""","""Scarlet""",110,115,80,50,90,90,535
"""Clodsire""","""Poison""","""Ground""","""Scarlet""",130,75,60,45,100,20,430
"""Farigiraf""","""Normal""","""Psychic""","""Scarlet""",120,90,70,110,70,60,520
"""Dudunsparce""","""Normal""",,"""Scarlet""",125,100,80,85,75,55,520
"""Dudunsparce""","""Normal""",,"""Scarlet""",125,100,80,85,75,55,520
"""Kingambit""","""Dark""","""Steel""","""Scarlet""",100,135,120,60,85,50,550
"""Great Tusk""","""Ground""","""Fighting""","""Scarlet""",115,131,131,53,53,87,570
"""Scream Tail""","""Fairy""","""Psychic""","""Scarlet""",115,65,99,65,115,111,570
"""Brute Bonnet""","""Grass""","""Dark""","""Scarlet""",111,127,99,79,99,55,570
"""Flutter Mane""","""Ghost""","""Fairy""","""Scarlet""",55,55,55,135,135,135,570
"""Slither Wing""","""Bug""","""Fighting""","""Scarlet""",85,135,79,85,105,81,570
"""Sandy Shocks""","""Electric""","""Ground""","""Scarlet""",85,81,97,121,85,101,570
"""Iron Treads""","""Ground""","""Steel""","""Scarlet""",90,112,120,72,70,106,570
"""Iron Bundle""","""Ice""","""Water""","""Scarlet""",56,80,114,124,60,136,570
"""Iron Hands""","""Fighting""","""Electric""","""Scarlet""",154,140,108,50,68,50,570
"""Iron Jugulis""","""Dark""","""Flying""","""Scarlet""",94,80,86,122,80,108,570
"""Iron Moth""","""Fire""","""Poison""","""Scarlet""",80,70,60,140,110,110,570
"""Iron Thorns""","""Rock""","""Electric""","""Scarlet""",100,130,110,70,84,72,566
"""Frigibax""","""Dragon""","""Ice""","""Scarlet""",65,75,45,35,45,55,320
"""Arctibax""","""Dragon""","""Ice""","""Scarlet""",90,95,66,45,65,62,423
"""Baxcalibur""","""Dragon""","""Ice""","""Scarlet""",115,145,92,75,86,87,600
"""Gimmighoul""","""Ghost""",,"""Scarlet""",45,30,70,75,70,10,300
"""Gimmighoul""","""Ghost""",,"""Pokmon GO""",45,30,25,75,45,80,300
"""Gholdengo""","""Steel""","""Ghost""","""Scarlet""",87,60,95,133,97,84,556
"""Gholdengo""","""Steel""","""Ghost""","""Scarlet""",87,60,95,133,97,84,556
"""Wo-Chien""","""Dark""","""Grass""","""Scarlet""",85,85,100,95,135,70,570
"""Chien-Pao""","""Dark""","""Ice""","""Scarlet""",80,120,80,90,65,135,570
"""Ting-Lu""","""Dark""","""Ground""","""Scarlet""",155,110,125,55,80,45,570
"""Chi-Yu""","""Dark""","""Fire""","""Scarlet""",55,80,80,135,120,100,570
"""Roaring Moon""","""Dragon""","""Dark""","""Scarlet""",105,139,71,55,101,119,590
"""Iron Valiant""","""Fairy""","""Fighting""","""Scarlet""",74,130,90,120,60,116,590
"""Koraidon""","""Fighting""","""Dragon""","""Scarlet""",100,135,115,85,100,135,670
"""Miraidon""","""Electric""","""Dragon""","""Scarlet""",100,85,100,135,115,135,670
"""Walking Wake""","""Water""","""Dragon""","""Scarlet""",99,83,91,125,83,109,590
"""Iron Leaves""","""Grass""","""Psychic""","""Scarlet""",90,130,88,70,108,104,590
"""Dipplin""","""Grass""","""Dragon""","""Scarlet""",80,80,110,95,80,40,485
"""Poltchageist""","""Grass""","""Ghost""","""Scarlet""",40,45,45,74,54,50,308
"""Poltchageist""","""Grass""","""Ghost""","""Scarlet""",40,45,45,74,54,50,308
"""Sinistcha""","""Grass""","""Ghost""","""Scarlet""",71,60,106,121,80,70,508
"""Sinistcha""","""Grass""","""Ghost""","""Scarlet""",71,60,106,121,80,70,508
"""Okidogi""","""Poison""","""Fighting""","""Scarlet""",88,128,115,58,86,80,555
"""Munkidori""","""Poison""","""Psychic""","""Scarlet""",86,75,66,130,90,106,553
"""Fezandipiti""","""Poison""","""Fairy""","""Scarlet""",88,91,82,70,125,99,555
"""Ogerpon""","""Grass""",,"""Scarlet""",80,120,84,60,96,110,550
"""Ogerpon""","""Grass""","""Water""","""Scarlet""",80,120,84,60,96,110,550
"""Ogerpon""","""Grass""","""Fire""","""Scarlet""",80,120,84,60,96,110,550
"""Ogerpon""","""Grass""","""Rock""","""Scarlet""",80,120,84,60,96,110,550
"""Archaludon""","""Steel""","""Dragon""","""Scarlet""",90,105,130,125,65,85,600
"""Hydrapple""","""Grass""","""Dragon""","""Scarlet""",106,80,110,120,80,44,540
"""Gouging Fire""","""Fire""","""Dragon""","""Violet""",105,115,121,65,93,91,590
"""Raging Bolt""","""Electric""","""Dragon""","""Scarlet""",125,73,91,137,89,75,590
"""Iron Boulder""","""Rock""","""Psychic""","""Violet""",90,120,80,68,108,124,590
"""Iron Crown""","""Steel""","""Psychic""","""Scarlet""",90,72,100,122,108,98,590
"""Terapagos""","""Normal""",,"""Violet""",160,105,110,130,110,85,700
"""Terapagos""","""Normal""",,"""Violet""",90,65,85,65,85,60,450
"""Terapagos""","""Normal""",,"""Scarlet""",95,95,110,105,110,85,600
"""Pecharunt""","""Poison""","""Ghost""","""Scarlet""",88,88,160,88,88,88,600
